pH,Hardness,Solids,Chloramines,Sulfate,Conductivity,Turbidity
7.7451,262.2689,4737.5395,5.0824,190.8735,558.0555,4.9185
6.7926,155.9051,13116.9199,4.295,229.5255,429.7476,5.2881
7.9715,134.5441,16691.1557,3.8328,204.6352,480.2734,4.5984
9.2845,199.73,35101.5013,7.826,236.1603,427.9861,1.669
6.6488,186.3852,24452.425,6.5719,262.868,366.6133,3.8135
6.6488,163.7418,9316.1474,7.7588,346.9724,240.6467,2.6132
9.3688,255.711,23888.2903,8.3809,254.3073,436.4365,3.7569
8.1512,276.4244,7621.5681,7.5312,153.1499,357.9515,5.176
6.2958,207.0726,28661.5284,8.3155,371.2054,355.9732,4.3662
7.8138,318.2024,16231.0028,6.8609,213.0328,380.081,5.3777
6.3049,108.6649,19250.9105,4.626,275.3024,559.5889,4.4101
6.3014,184.5072,30606.3732,9.1156,315.7229,612.387,2.442
7.3629,142.6542,9702.6915,5.8218,295.9688,437.3766,1.0
4.1301,50.6771,8823.0545,5.1288,367.5344,382.8186,4.1786
4.4126,193.3855,15331.2054,6.6442,318.3203,325.8219,3.7433
6.1566,190.2602,28307.0308,5.1744,211.0952,457.4832,2.8277
5.4808,321.076,7845.2314,6.1651,454.285,562.6324,1.9592
7.4714,250.4649,500.0,7.6881,295.5467,400.2128,3.1183
5.638,118.0651,16390.7291,7.6967,268.2128,229.6803,3.7666
4.8815,348.3274,24413.9264,5.2043,357.114,473.604,4.7991
9.1985,297.6827,29602.094,6.0246,299.9561,498.832,4.2264
6.6613,246.5678,16294.7091,9.1487,311.9383,293.1323,5.9297
7.1013,181.8813,16708.5871,7.9928,479.3747,434.1187,2.7573
4.8629,123.2449,29231.2059,11.1501,257.9903,456.0981,5.0573
6.1834,170.2235,5042.0664,9.3603,254.5791,414.1514,4.0568
7.1664,287.0999,16891.8338,9.2886,289.3263,356.7383,4.8336
5.2735,350.7669,21523.3911,4.2243,365.7213,501.275,3.4762
7.5635,323.4595,23593.7498,8.5277,159.4773,387.7296,5.286
6.099,160.892,15921.5465,6.8938,122.7555,301.1851,4.3543
6.5625,110.4306,20275.5281,5.898,233.0308,256.042,3.1847
6.0974,211.2709,500.0,7.336,149.2862,520.868,3.9856
9.7784,58.5249,14734.0127,8.8904,246.0135,469.3331,3.7125
6.9798,225.8534,23628.0697,8.0017,320.2,427.0379,4.587
5.4134,188.1918,12141.6477,5.2431,208.7401,384.778,2.5843
8.2338,162.7171,20471.8738,8.4849,165.8539,377.6801,3.9648
5.1687,72.4238,23574.98,5.7248,285.547,333.9411,4.4744
7.3133,241.088,17259.6064,7.4334,349.0035,385.4835,4.0396
4.0605,157.3839,21363.7102,6.3933,144.4021,250.393,5.6163
5.0077,106.4067,12298.1395,6.5623,345.6186,361.1149,4.9288
7.2953,50.0,18347.1098,8.5325,345.3845,395.125,3.991
8.1077,197.7988,24881.7294,4.9196,356.3268,468.7904,4.26
7.2571,341.7801,21255.7837,10.8904,377.4784,416.8059,4.3548
6.8265,332.9007,15307.7498,3.3578,456.1611,483.5938,4.484
6.5483,163.4323,21793.7312,5.8047,251.5126,527.9308,1.8092
4.7822,151.823,25716.8783,7.7404,288.7657,504.6536,3.6382
5.9202,237.5019,3600.4698,8.1686,246.6849,457.6408,2.2187
6.309,120.1292,29272.5925,6.799,280.1581,420.949,5.5339
8.5857,224.1434,17309.9621,6.8852,402.6299,341.537,3.927
7.5154,261.2864,23403.9195,7.8211,172.3988,479.1955,3.768
4.3554,298.1547,29577.9754,6.5379,211.116,554.3798,5.0762
7.4861,191.9877,9026.6104,9.7864,390.1745,447.3685,4.5068
6.4224,183.7061,14324.472,8.6787,361.6029,573.3807,2.6456
5.9846,129.7614,17691.6104,8.7456,250.9495,297.9543,3.9149
7.9175,133.8496,13729.9718,5.0677,348.3522,327.6669,3.5978
8.5465,181.8817,33879.4926,6.8412,307.2973,488.4161,1.9066
8.3969,229.3892,13145.8232,6.3991,400.022,441.1432,3.1717
5.7412,273.0868,15555.6258,4.9888,285.9608,525.1026,3.7798
6.5362,135.7457,21635.1123,7.7203,362.0506,418.7623,3.8621
7.4969,319.4151,10382.8038,5.9247,480.0,350.562,2.2213
8.4633,178.3101,16834.5543,8.3108,327.8479,402.9125,5.382
6.2812,198.2906,22539.6261,4.8596,283.9463,297.3853,3.8775
6.7215,140.2231,17337.1168,10.4381,337.7958,329.7127,4.0451
5.3405,50.0,19252.9051,5.2073,250.7775,497.7955,4.4808
5.2057,270.7236,15765.3431,7.4386,471.0374,489.823,3.0543
8.2188,258.9475,7884.2375,8.5837,294.4057,449.0403,4.5476
9.0344,177.4938,22572.7457,5.8587,258.1653,282.3138,3.5595
6.892,205.3593,34039.4646,8.7049,213.1449,391.3277,2.9241
8.5053,241.2751,20147.213,4.5416,367.7776,322.0,4.6881
7.5425,74.9963,21802.1129,9.9042,349.375,514.1227,5.79
6.0323,157.6758,25541.782,7.0283,240.2117,373.3022,4.8698
7.5421,263.5412,9845.356,5.8072,326.1161,333.1402,5.1076
9.3071,99.6568,33620.1173,6.4016,159.3155,422.3837,3.3752
6.9463,223.4846,21618.6304,8.6178,294.7976,368.7876,2.0829
9.347,91.4735,33054.8552,5.8311,316.2205,538.6995,5.7882
4.0,237.3144,14135.736,5.5013,416.5864,361.2151,6.4654
8.2329,197.1487,34544.4954,6.5569,218.3345,308.0617,5.8514
7.1306,70.7895,26201.244,4.6461,177.7318,247.7669,3.5971
6.5515,293.1791,24424.3207,10.6411,208.3658,417.5371,2.6144
7.1376,141.2327,21872.1956,5.8672,173.0745,375.0456,2.7212
4.0186,135.1798,18011.7711,8.6632,386.9326,305.6876,1.9795
6.6705,216.0455,29604.2533,7.4189,403.8911,515.1381,3.8711
7.5357,291.891,21122.879,5.0309,305.6173,473.3796,5.9268
9.2168,118.7343,4263.4424,6.9881,377.7036,417.7426,3.83
6.2226,204.9344,11062.5083,8.568,290.7167,529.1461,4.3628
5.7873,234.3053,18513.234,6.6235,272.3911,473.0029,5.6507
6.2474,255.4484,22479.9919,9.3862,253.357,354.1715,3.5151
8.3731,214.1153,19547.2921,9.043,255.1687,336.8624,6.4426
7.4931,170.6378,29751.7663,8.8378,156.1759,485.4385,6.3905
6.2054,133.7928,4391.1851,6.0807,301.1404,451.7094,3.8427
7.7699,206.8915,21148.7035,4.8403,276.7733,433.5798,3.307
7.1456,114.2289,5456.1662,5.7728,339.6289,352.2802,4.8367
8.453,50.0,26077.6984,7.3925,287.4819,468.6358,3.583
5.9469,234.9248,19244.3303,8.0916,266.9837,359.5601,2.6121
6.5085,272.3148,23356.8798,2.6569,210.3046,411.8411,5.5375
6.4118,50.0,13088.9363,6.9838,285.7723,535.7555,5.4597
4.8047,119.2215,30235.7195,7.3162,339.059,367.1333,4.1866
7.4442,249.5323,28333.7973,6.4449,188.5329,294.1609,2.4846
7.3916,364.5996,24668.3544,9.5825,286.9979,335.7962,2.5246
7.0077,201.6635,18963.862,7.8436,298.6434,499.5439,4.1287
6.6481,141.7598,24638.8583,9.6204,222.5548,440.3785,3.4002
4.8769,185.3683,14344.8595,6.5681,232.9715,409.6898,3.5907
6.369,309.9901,26844.4453,8.875,298.4489,379.2725,5.2264
6.4859,148.3229,33195.8472,10.2701,189.3263,458.8288,4.8798
5.7966,136.0646,28564.8845,9.6234,307.9939,352.0716,5.6538
6.7581,161.3805,14163.1802,4.8157,208.3717,444.4532,2.8113
7.6061,123.7337,22891.3385,6.4926,365.0283,361.4996,3.5882
9.8293,209.8136,9654.8676,6.3097,467.0262,348.1872,4.9108
7.2619,329.9743,24579.1225,7.9785,211.1395,369.001,4.5377
7.3863,225.8463,23604.8273,8.3727,322.7366,389.9674,5.8389
6.8883,179.8117,5041.4693,5.3222,221.8606,416.0936,4.5046
4.1218,176.6551,10705.7292,7.1357,363.2763,438.8365,6.2177
6.9602,74.9447,17734.8888,2.9601,178.7793,200.0,4.648
7.0903,270.6488,17593.122,9.8839,318.4469,355.388,5.2746
10.6949,193.773,10324.1845,5.9753,210.1609,388.6744,3.6118
6.7115,185.5616,23111.8298,7.1117,263.4412,540.405,4.0171
7.4523,450.0,22011.7889,6.3807,197.518,333.5998,5.0931
6.9479,223.9002,18445.8469,9.2921,345.788,433.0237,5.9356
5.247,139.8567,13953.668,1.325,213.0416,539.6024,4.8751
8.7142,165.8914,28389.657,6.9668,324.1571,314.9625,3.9002
8.1279,291.8757,33243.2569,6.7884,252.4722,451.518,5.6528
8.1865,209.0616,16131.5081,6.0927,270.8422,355.8183,1.3696
5.6359,84.9378,15102.6647,10.4525,291.8205,379.6293,2.2933
9.1042,273.5383,23929.6613,5.2253,219.054,355.7511,4.818
4.8972,146.5485,17135.765,8.5436,296.8294,361.4514,4.0169
7.8803,349.8638,18884.8224,7.7125,402.4268,637.753,4.7266
10.2857,286.4038,25917.2252,9.523,217.7524,487.5565,4.0773
5.5142,164.2142,4725.1513,5.6656,373.7448,508.139,4.6851
6.1506,302.4813,30546.4186,5.5341,399.8478,459.3595,3.0227
7.1495,205.4284,20581.4442,9.1921,214.7076,291.4995,4.6846
6.2448,268.2219,16708.0548,7.8506,163.5956,451.5966,5.1933
4.674,238.7786,19286.1268,3.9101,304.1569,505.8344,5.4647
7.1028,132.2915,19699.4348,5.9214,236.2074,351.728,6.4163
5.4065,148.516,6150.3896,7.7728,429.4883,497.2261,4.2929
7.7104,282.3969,31959.5058,8.6755,282.7846,476.3469,4.3287
5.6209,173.218,20330.6051,5.6415,215.824,568.1632,2.1722
9.3249,167.7081,23544.017,1.1715,188.2272,386.5774,3.3623
5.8251,123.5902,27612.3982,8.0464,367.1924,332.1911,3.7683
6.5169,233.8879,11830.7003,4.5594,234.3053,391.0698,5.2604
8.2203,365.002,23787.7752,2.9653,283.5063,534.8457,3.2668
5.1537,114.5974,17858.8713,1.3353,356.4642,273.7275,4.9556
7.3412,201.9376,26774.1662,8.628,241.2593,254.5299,3.9981
8.9607,312.9776,2982.1806,7.2572,276.3257,427.1516,3.7874
4.5888,193.6287,19207.2456,6.5487,278.6745,384.5929,4.2987
7.277,236.1897,15177.4348,9.778,334.666,420.6182,3.5306
7.3898,115.0085,23458.1036,8.2746,327.2595,495.6249,3.4852
8.1727,234.2646,23760.3535,10.2326,262.3909,375.7945,1.9543
5.1446,185.0285,14338.9928,4.2145,285.0919,270.1595,3.7025
5.0193,278.8584,14302.6091,6.9309,250.2577,583.5585,3.424
7.7829,294.9909,19114.6771,3.7666,161.791,340.2217,3.3808
7.4455,407.1651,12826.8622,6.5412,300.6081,335.277,4.5002
7.3757,246.3707,26735.8696,6.5028,431.3753,508.2976,4.7904
7.5197,226.0637,17046.3424,8.2532,209.3025,389.2409,4.2786
5.98,215.5507,500.0,7.0911,218.1576,414.9288,5.1945
7.3484,171.7467,17001.4235,8.2468,210.3418,458.6232,4.6907
7.4396,227.0787,11691.6494,8.4069,337.9673,506.6866,3.6459
5.9285,176.3679,6949.7935,11.3099,315.8788,393.3231,3.4446
9.7987,213.4769,10100.5869,6.3694,267.317,541.5962,4.3754
7.7107,305.4078,20875.2678,5.118,206.5585,249.136,4.6885
5.213,119.4766,30629.1266,7.4922,287.3901,480.783,5.6774
7.9848,291.1903,22505.4758,5.3954,154.8302,352.8378,5.4294
5.538,305.3692,15147.9729,9.9639,291.4741,529.7817,3.3502
8.1806,190.5545,23647.2336,6.4336,349.722,431.3636,3.8776
8.7379,50.0,16327.2775,5.8688,179.9041,366.1676,4.8052
5.769,151.3742,14443.197,6.0574,157.3985,473.0273,5.2816
8.4451,303.7596,10765.0987,8.4368,406.355,491.4551,5.1268
7.6192,198.1706,5985.3695,6.6845,231.0592,471.3515,3.9233
8.2331,120.0558,16880.6103,5.7167,370.8758,337.6243,2.4952
9.8452,159.618,21264.4279,10.3307,267.6802,381.2786,2.8013
6.6319,267.2496,19227.0106,5.2877,267.0436,419.6742,4.3272
5.8694,243.7387,16672.2646,7.0711,315.073,416.6992,4.4107
5.6657,180.8854,12434.0315,8.3046,209.2801,479.9796,2.6816
5.7763,170.654,24865.9695,3.7373,290.5998,258.8079,4.0535
6.8843,168.6593,9462.9446,7.9605,249.4808,446.7462,4.7575
7.5117,126.2072,26208.2233,4.8898,174.3605,396.8015,2.6185
7.415,329.2301,11982.2638,8.6456,306.9986,352.92,5.326
8.2408,174.2144,13980.5181,5.0747,258.9354,360.6011,3.547
7.0195,297.3727,8265.7185,8.3855,267.438,402.837,5.5091
9.1803,321.7053,15988.7828,9.2117,183.1871,200.0,3.3599
6.603,279.8649,27802.4997,8.7229,407.312,363.8968,2.768
11.0803,165.4704,24125.0247,7.5026,350.1371,349.9348,3.4502
7.9385,232.2984,27827.3769,6.5374,357.1325,462.6227,3.8858
5.7143,198.0644,24177.1404,5.8472,255.5644,355.5579,3.5338
5.3937,127.7039,11170.6414,9.9421,141.6654,402.7909,3.7408
7.7237,225.9487,17353.6862,5.601,436.2334,543.3821,4.4008
6.6648,105.6768,13758.407,4.9259,275.1122,499.5481,3.7946
8.071,295.0144,30644.5992,8.3307,220.096,492.1817,3.9207
7.7099,162.8306,10425.6908,5.4077,313.3441,380.0102,1.9489
6.8908,216.0928,27149.5815,5.0999,373.3697,463.4426,4.47
5.7298,222.663,27143.631,4.1128,278.156,401.2882,3.893
4.7277,179.2876,34636.9616,6.0342,382.286,404.3125,5.9324
6.3302,246.9355,16722.5073,6.8346,366.64,452.7748,2.8725
8.2846,162.0077,25698.5773,7.4862,193.8895,372.2405,1.83
7.3211,269.7038,38253.2147,8.9026,226.0968,539.4402,4.7417
5.1314,92.3216,15058.8666,8.0538,356.603,407.1896,4.4158
7.2598,210.1104,7719.678,6.6183,100.0,469.4688,2.7899
7.578,355.1143,4959.9197,6.6036,268.0435,536.448,2.1643
5.6742,119.9735,25701.6962,8.0203,165.5335,502.5323,5.8449
7.2306,145.7804,4934.7983,9.5451,241.8757,307.2865,5.6969
7.0873,241.1126,17021.4476,7.2526,256.0944,455.5917,1.0151
5.2855,214.3665,23498.5055,6.0617,251.3404,488.0576,3.4501
7.5367,228.0504,21481.4043,5.0143,235.8191,491.349,5.997
7.8412,239.135,23403.5589,4.1096,192.2285,330.9364,3.4287
8.6246,250.7777,21778.3188,8.3325,463.3529,367.4372,3.4113
8.5807,288.776,30230.9265,8.156,429.397,499.5647,3.6607
4.9335,232.7855,12381.469,8.1547,187.0347,359.0592,2.6549
5.5933,180.6994,14584.0389,6.7427,406.5693,396.0243,1.9543
7.7726,253.8059,13818.7244,9.8139,248.0428,546.0701,5.2631
7.7707,351.9906,26641.5345,6.0318,290.335,416.1761,1.7885
7.7726,189.3893,27203.1887,8.9105,274.9381,361.8581,4.2967
12.0,122.0377,23609.8026,6.9225,227.2201,349.7906,5.0639
7.8563,288.5665,29467.9493,5.7833,358.7082,446.6175,2.2585
8.7033,190.3695,10575.6731,8.1851,290.0709,313.3482,2.8909
8.431,50.0,33337.7929,7.8193,241.8759,400.2131,5.4558
7.9771,267.7937,32185.909,7.7139,175.6328,446.6584,4.6395
6.5271,157.1737,25884.976,7.1626,208.5124,523.932,3.2593
8.1385,192.7573,34254.3913,6.9242,148.6896,473.4038,5.4427
5.8408,226.5584,6747.0143,11.7767,280.9779,362.8748,5.4478
6.6448,215.24,15804.4149,9.3685,184.2668,514.2735,4.3229
6.272,256.7561,14117.5723,8.4457,258.7552,396.0388,2.9198
7.1228,165.1611,25771.8346,7.2236,389.6081,321.1438,3.5039
10.472,241.0485,11598.8741,9.0143,375.944,406.2367,4.3437
4.1991,179.2363,26059.9612,8.036,277.4178,535.0535,3.7737
8.0294,259.1048,30964.2892,7.0524,273.0332,433.2192,5.1267
4.5809,249.2294,25561.6232,6.3929,430.39,421.0017,2.1643
6.2921,125.1649,22270.0082,6.8382,321.6605,550.9769,2.2069
8.6334,286.8786,12097.0133,1.0,253.7755,305.4916,4.217
7.0964,157.1229,13225.1923,7.4212,165.9186,317.1521,3.4101
5.3834,264.6446,29996.9512,6.023,311.5099,290.7323,3.2475
5.927,229.383,26234.792,10.1853,346.3459,449.8119,1.8783
8.0194,347.0547,19687.8438,7.0387,229.4679,433.3195,4.0235
5.9045,182.1227,16656.7236,4.6221,303.2962,543.4189,3.9367
7.3247,172.0547,3793.537,6.9002,250.9141,439.478,4.7842
7.0684,198.4464,11433.1807,4.9078,265.2774,387.6674,4.0827
6.0226,175.7456,35291.3527,7.9468,100.0,420.1436,3.8409
10.2159,263.9954,9756.3554,7.5819,262.2575,429.4166,5.4124
7.9509,70.6952,21515.8386,8.9157,357.5495,286.2591,2.425
4.0,115.7054,28059.5518,5.4182,229.4878,636.8265,4.6437
7.2797,114.5758,9960.6187,7.068,284.2021,461.5897,1.9946
6.0073,276.0246,21477.6838,4.27,219.5239,436.8007,2.994
8.2787,336.8491,27503.3243,8.403,308.8353,469.2131,2.5448
5.8112,191.6441,20099.9946,8.0377,262.6781,476.7529,4.9383
6.8279,186.4943,42947.2244,7.9916,204.8607,408.7557,3.9215
7.7575,205.6042,6651.2059,7.0032,386.6041,369.5007,3.9838
8.2986,292.9503,28469.8282,7.8295,354.3146,467.9561,2.6719
5.1996,125.8117,18617.5861,10.2087,231.6075,450.8569,3.6404
6.4982,219.0695,26175.3612,6.4298,319.8231,355.2088,3.0838
6.2876,278.0158,23530.4572,7.2773,322.993,533.5228,4.4601
6.02,240.0875,14134.7504,4.8277,331.3841,443.4682,2.8107
9.6482,215.1665,21831.9711,5.2635,144.4595,478.3855,5.5958
7.6075,280.0837,5136.7884,7.1956,360.5285,531.3537,1.9893
5.1087,50.0,24825.98,9.2079,234.4241,421.7511,3.0322
8.3768,254.23,22385.2677,6.4874,251.3738,445.3562,6.0126
10.1832,147.6739,25109.2813,6.5282,480.0,484.8022,3.4778
8.5487,53.5494,28464.9466,6.1862,304.1499,362.0111,2.4221
4.7209,240.8962,22940.9587,5.9305,249.0942,424.3241,4.2629
6.2736,309.8927,21184.7154,7.5899,103.5765,430.0439,3.4295
8.9004,189.0041,12951.4533,4.0055,391.1811,343.5153,2.997
5.9385,276.23,14302.2339,9.5619,172.3832,605.4109,2.685
7.6657,328.9823,29493.877,5.6692,199.7249,307.4165,7.322
8.162,305.1932,31490.6832,8.4438,253.4918,316.1517,3.6981
5.6096,331.1972,18095.1165,4.46,393.3129,525.1381,1.6893
6.9107,259.3702,20368.022,8.3377,341.8592,477.0613,5.7925
4.0,206.0347,12763.085,8.3439,267.373,337.9228,4.7333
5.4634,71.8427,29382.0548,7.7684,304.6634,468.5831,3.0802
6.6211,180.315,25323.3346,5.0111,231.9691,537.428,2.8803
5.1283,132.5403,35529.7395,7.4991,291.1723,417.579,4.8082
9.4486,373.6754,12973.4154,4.6339,285.8669,627.9058,3.7037
4.8548,185.9291,16975.9368,6.4945,357.5016,282.0751,1.6888
6.3399,209.8564,21851.5674,9.0588,357.3742,475.5059,6.1447
7.1961,244.1188,25171.9163,8.5934,319.5182,513.3223,3.4792
9.1619,203.4882,18274.6589,7.0304,251.0122,491.3075,5.7947
4.8462,335.6041,13016.3113,5.0504,339.3458,403.6515,5.5341
8.7447,150.1881,27051.2602,8.2912,272.6425,396.7647,2.7988
7.0153,215.5686,25769.0829,7.0388,193.4469,455.5316,5.2398
5.5277,140.6024,12669.8072,2.3594,247.737,485.2604,3.2183
7.6932,94.3982,30843.5424,8.5653,286.7622,468.1979,1.76
7.2986,151.0585,29361.5897,6.9515,352.8173,503.2046,3.4905
6.0997,197.0371,21074.372,9.4049,265.3177,338.4904,4.4772
7.1047,165.6558,20636.7829,4.8095,183.2641,401.7783,3.4447
6.422,144.6063,24432.4622,1.0,284.5393,344.7987,3.6315
7.1703,87.4946,13106.3754,7.5582,289.0765,389.111,5.3723
7.9932,193.3516,20240.2518,7.5831,294.867,501.2177,4.1278
9.379,79.6224,2780.9316,3.6187,353.5897,428.6387,2.988
5.1433,260.8045,27011.6452,5.043,361.5139,628.5487,4.8424
10.1996,206.5952,7508.0542,12.5104,232.4631,435.4725,4.2372
4.0719,83.3959,32027.3586,6.3888,230.7085,424.7754,1.0
6.7723,175.2633,17359.0392,8.4619,196.7841,428.4946,4.514
7.8825,139.8275,18306.6641,5.6987,335.9053,368.9753,4.4702
7.4215,225.534,14978.1288,2.8194,395.9056,415.3731,4.0241
6.066,307.236,17695.689,6.6595,254.7934,510.223,5.07
6.6878,50.0,31348.2508,6.4688,260.6856,429.1177,3.1931
6.2605,209.2021,500.0,6.2002,397.3426,356.5232,4.4038
6.116,187.1894,30215.7231,6.7707,320.4446,345.9932,2.1196
8.2744,253.7072,22704.1878,7.5285,314.8989,383.9838,4.4885
7.5355,217.0557,10343.8268,6.6998,184.7267,425.9091,6.3437
5.9606,139.8425,11397.5009,4.472,334.2982,515.4869,2.8062
8.3494,174.4757,33411.1442,7.9724,205.6691,312.7609,3.0882
7.4609,136.3179,12435.945,3.1013,189.2784,394.4139,3.148
8.2193,286.0806,10773.1959,2.8993,252.2583,431.5448,4.156
7.9444,201.7049,29098.5163,8.4784,233.1366,273.3035,2.7244
5.7565,352.0953,22708.423,8.014,262.272,353.3121,4.5055
6.1597,195.1471,12496.5954,6.8852,164.7215,365.6089,5.0162
8.1209,143.3275,21732.9998,4.2091,356.7053,356.3224,4.6412
7.9156,78.9028,11793.9785,5.5842,370.2149,435.3512,1.8779
6.9686,55.7488,28806.5712,6.4745,124.2126,407.1552,5.1942
7.176,73.2691,28490.9677,3.8082,358.2766,375.5771,5.1248
8.9165,221.3701,24256.0496,5.5219,215.1577,454.237,4.9962
6.1126,240.698,22893.2885,8.3047,348.558,557.846,4.4474
7.8206,73.5047,34089.505,9.8546,274.5243,551.1405,4.2642
6.6967,271.6031,19997.4906,6.1611,282.302,266.1783,5.2389
6.6735,161.3551,10545.007,8.513,265.1922,466.1658,6.3082
8.6482,211.7434,23595.7913,3.1719,376.9703,405.7581,2.8564
8.2381,328.9777,36688.3764,8.3189,180.833,432.4124,5.2938
8.2203,271.7471,11881.9241,5.3921,328.6272,388.1374,3.8965
8.9582,178.5175,17108.2979,7.6147,368.1064,429.4071,3.8444
7.0315,128.7046,23331.5683,6.5045,337.3072,432.1126,2.1562
8.0229,50.0,19568.7612,9.6408,465.9759,373.6839,3.6583
6.5346,142.4677,12141.5714,5.2511,237.6843,348.2906,2.8033
7.4862,183.1096,28974.8628,8.2552,356.5844,384.1043,3.4434
6.8048,121.0256,38560.3258,6.441,271.5127,438.7407,2.6822
7.1455,189.4994,21569.0517,6.6834,378.6725,467.9197,3.4613
7.8927,206.1482,12767.4537,6.6323,279.3849,488.2679,3.5127
5.7727,182.0115,7608.3158,5.3087,248.9699,380.4648,4.1161
10.1386,147.9998,22063.8078,6.9718,384.4858,442.7076,2.0623
5.491,213.4924,28831.0187,6.8747,240.675,497.0002,2.2654
5.1787,235.3553,23801.342,7.4825,166.9819,513.2476,4.4343
8.7372,112.7681,19980.7693,7.169,238.6522,415.2934,3.0431
8.1875,312.8746,15285.8268,8.596,329.5226,402.3255,5.2894
7.9362,192.1129,11262.6909,8.847,391.3631,435.2899,4.2703
7.9425,201.508,26678.0106,4.8988,288.8904,328.0234,4.7281
6.9816,256.6572,27310.173,8.7375,385.4558,404.5112,5.6928
5.6541,218.6573,7634.1617,4.6273,171.346,479.5669,3.6283
7.1137,276.2509,32718.7118,8.1757,244.5389,471.3558,3.3106
5.9843,222.9699,24592.5698,8.2395,256.914,398.3786,5.046
8.4627,151.005,31196.7572,3.1774,270.8352,437.4175,4.6114
6.7794,228.9203,9262.978,7.186,286.7276,354.028,3.7752
5.7618,108.5019,9073.4068,6.063,335.2729,476.2794,5.6697
6.5179,208.6848,18808.2455,5.4825,244.4155,413.7743,3.7453
7.6194,197.3416,24022.2754,9.7017,291.1223,397.9239,4.0393
6.1544,183.3507,34370.8866,5.6926,276.3902,391.0621,4.0255
5.7667,189.717,25648.6313,5.3872,205.9288,414.9685,2.8785
7.3655,50.0,18058.5498,7.1514,270.9067,384.1698,4.0931
7.3674,156.102,11789.0463,8.3712,268.5072,472.6514,5.6761
6.2396,207.4276,29840.0046,6.7167,266.7936,388.3773,4.534
6.2934,212.7885,12282.3566,9.3327,282.5408,547.4371,4.0373
7.3481,117.786,33027.7484,8.062,286.0539,537.2168,3.8059
4.8279,301.2566,17724.9228,2.6436,245.4164,348.6765,4.397
4.8888,130.706,32724.6566,5.9411,381.8172,425.5763,4.8997
5.9223,277.5566,25431.4503,5.8763,186.4415,367.9475,4.7311
6.6798,234.1755,18904.0361,7.9587,222.3224,393.8682,3.6018
7.4664,148.3018,15844.829,1.7504,480.0,580.1942,4.3897
9.213,342.0249,17272.737,12.098,196.9607,395.3943,4.5759
8.2865,104.5091,23426.5335,8.0621,171.6996,448.8181,2.7914
6.7601,273.5323,20617.252,7.2978,338.7581,463.3057,4.2019
6.9715,280.0466,15249.5087,9.3631,113.8304,339.9497,1.4064
5.4962,146.3504,18674.9487,11.6873,261.1781,351.5924,4.579
6.9722,311.3972,20628.6162,8.7415,451.666,323.5182,4.7924
6.567,179.9963,2970.1272,8.8976,156.4051,349.1223,4.8971
7.4841,223.0955,23665.3449,7.2614,121.4428,200.0,3.5259
5.7592,220.8257,12162.2302,6.7169,160.0655,463.5666,4.3709
7.779,189.2553,10773.3408,6.0484,351.8688,584.3355,5.7087
9.2991,264.8647,6501.2452,5.3478,369.9821,431.8257,5.6965
6.8369,263.4791,5648.86,5.626,238.9929,306.6985,3.965
7.6026,60.1174,9156.42,4.2989,334.657,368.5779,4.1672
8.0352,304.3472,14327.8323,6.8483,391.2204,383.2899,5.3331
6.3982,67.0006,35626.0731,3.6307,422.9877,338.5932,2.199
7.3361,282.6037,15792.9626,7.3818,260.2932,488.8146,3.6123
7.0189,290.1364,21422.0009,6.9273,100.0,484.8208,5.6027
7.1465,112.7227,23203.8511,7.2939,214.3297,327.5639,5.1702
5.8405,167.1349,21048.5215,5.9557,245.8557,478.0065,4.4431
7.0368,111.5436,19380.4523,13.0,259.2849,542.145,2.193
7.747,182.8063,10437.6499,9.7202,264.9712,572.2047,3.9401
9.1767,175.3573,31607.4204,4.5109,369.5116,649.217,3.2921
8.4389,262.3728,34457.5731,7.4657,381.9543,347.8406,4.3972
10.2298,304.8247,6538.7304,5.784,266.2661,645.9376,3.0288
5.849,311.6547,11807.7713,4.971,367.8788,391.6635,2.7691
8.3085,155.0266,17761.5173,4.3199,308.6129,372.6028,1.5222
7.275,183.2623,12283.6976,7.8644,285.1605,446.1658,5.4662
10.2847,65.3249,24047.7244,5.6372,352.5235,373.4351,3.5203
5.7876,135.5304,14173.8224,8.9357,285.7802,451.9235,4.1886
5.7404,277.1881,37320.4485,8.9876,444.6249,314.3938,3.9973
6.1009,329.2466,29524.3888,9.7478,164.9271,400.8998,2.7191
4.0,101.2521,21700.5922,5.2952,238.7863,522.8466,2.4891
6.2114,152.6029,28215.8901,7.9507,269.8785,415.4351,2.7936
5.8613,197.8875,28847.2034,8.2649,315.1562,431.3277,3.1322
7.2256,222.4129,15488.4201,6.0516,381.4368,458.0207,4.4399
7.5126,135.2317,13470.262,5.4565,278.0481,513.6529,3.0451
9.8143,233.9249,20625.1445,10.219,166.2216,287.582,6.0958
8.4256,162.0929,26893.089,7.455,347.4011,466.7619,5.2326
6.1346,198.8438,21112.4832,8.2719,340.3967,398.5489,4.97
5.6524,243.7027,7384.0281,5.3558,124.6513,433.331,3.8564
7.7379,200.5138,13577.4044,4.5614,279.6957,504.796,5.8171
5.0197,165.0891,19408.2171,5.8611,152.7887,324.4651,3.7384
9.7472,191.2312,19394.6752,6.752,226.8279,338.9884,3.9625
8.7692,192.931,35780.3374,4.8716,207.7753,265.1656,4.204
6.2962,170.3991,8912.0965,6.9803,344.7412,376.0673,4.8422
4.4303,179.2963,24044.7139,3.623,289.3464,526.4346,4.7643
9.0308,327.8918,31912.9049,4.7599,177.1527,410.353,3.4298
6.8282,244.8736,38171.598,8.3418,350.4053,312.79,3.3604
8.8567,176.3616,16764.8206,8.2076,165.2955,381.1457,4.7679
4.6084,255.7564,23931.4356,6.2162,306.4091,300.9711,4.8583
6.1009,173.2944,24558.0829,4.9645,214.8791,329.9851,3.528
7.0079,293.85,21563.8539,4.9452,250.7458,451.1055,2.0954
7.0705,229.5714,19209.2384,6.2535,320.3417,326.0901,3.7512
6.3249,191.4158,23487.8031,8.289,321.716,509.0107,4.7482
7.9343,235.8174,500.0,8.8565,386.9575,414.3104,6.1665
5.3986,74.3299,25456.5559,6.0069,273.4197,426.8476,2.5625
6.7864,109.8586,21009.4232,4.693,304.5161,397.7302,3.4881
7.1804,104.486,18220.2008,7.5357,244.981,481.8278,3.5327
7.7717,211.4354,36374.8976,5.3529,294.5592,482.6528,5.627
8.0674,338.6012,14600.5278,5.9635,315.1589,446.8043,3.9581
5.313,378.504,16775.3921,9.6506,272.1352,465.1831,2.9112
4.6988,251.0441,35932.4264,8.6542,135.7,403.0328,4.6704
8.9165,240.0676,13343.5096,7.3159,306.5177,463.3762,3.5144
7.4985,55.9154,15599.0777,4.4562,309.1649,392.9698,2.5307
5.8773,156.5861,18823.7966,7.4228,225.5861,420.1785,2.9287
9.3267,136.9773,26725.8759,9.1253,177.249,398.0285,6.0809
7.1735,150.3322,21662.4201,6.2487,398.0703,383.4225,4.4611
8.7689,186.5485,9658.9972,9.7022,319.3156,364.8711,4.1293
7.1013,162.2328,15742.6515,9.5855,261.6735,457.4152,3.7001
10.0911,50.0,15141.1645,10.3275,189.0374,524.8485,4.3506
9.633,259.8328,19382.2316,7.6105,214.2548,513.6882,4.3363
6.6266,114.1806,23406.7493,8.1748,384.2072,319.4748,4.3506
8.4574,219.1397,23345.646,9.8284,291.013,523.1362,4.1378
7.9681,365.9266,5791.906,7.8948,235.953,394.5473,5.0426
9.0529,126.4492,28511.5279,5.9975,320.7751,468.0586,4.0277
5.5526,50.0,22020.5508,6.1029,214.8481,347.5028,2.8265
8.0291,177.1197,31076.2564,7.4771,400.0674,431.3584,3.2651
8.5876,288.0768,23553.5866,4.4189,388.224,445.0979,1.6252
4.3619,356.6678,28810.5837,6.7135,242.6741,301.2316,6.4322
5.2251,101.636,23732.3625,9.1931,229.7064,468.6614,5.0353
4.0,239.7359,30769.806,2.6175,100.0,527.6748,3.0039
6.5959,162.7752,24178.0051,10.069,161.4735,406.0282,3.6618
8.0763,191.5241,19216.678,9.2447,172.8424,528.8135,3.2357
9.2535,411.5475,38179.4778,6.0805,290.8152,404.8245,5.8511
7.1111,79.7624,27112.297,8.0868,253.9013,487.9668,2.2961
9.4429,220.2992,24589.9554,7.0063,172.3732,242.5144,4.1374
4.9298,237.4155,9789.5647,9.46,257.5069,613.5022,3.8698
4.4449,286.8629,9693.5391,8.9654,320.427,539.6367,4.9922
6.9167,207.8387,22341.7239,4.1999,322.2271,397.23,3.8752
7.5761,224.644,21164.1696,8.1745,128.0264,262.2329,1.8901
6.951,168.6681,15087.0195,6.5887,269.7389,443.0423,3.6987
4.0,221.5302,21127.8616,7.1657,169.3327,304.486,2.8334
6.8663,172.5446,32709.0154,5.5437,352.1383,455.5883,4.0955
5.0433,249.7258,25563.2198,10.4963,342.7317,452.9253,5.721
8.0045,170.4312,10871.9319,9.0801,208.1578,344.6877,1.9127
7.5499,230.168,19107.9294,5.5205,218.7164,509.6774,3.0397
5.5902,197.659,13560.2682,4.3308,243.0986,484.446,3.3368
6.2292,290.084,16898.4007,6.2287,100.0,498.0659,3.542
5.4112,195.8885,16691.0747,7.869,306.8775,420.7086,4.8882
6.906,58.1574,16178.8353,7.4804,258.1724,306.7581,3.7917
8.4327,300.9537,9958.917,9.5063,357.614,498.2298,4.499
5.5214,127.5414,18978.7625,8.5798,192.1273,398.3703,3.2491
7.7561,147.6987,15515.1389,8.9391,230.4702,308.8176,4.2759
6.2046,152.3471,500.0,7.6537,159.478,528.1631,4.9334
5.8107,309.955,36423.7762,4.2214,199.6568,587.9526,3.1212
6.8395,50.0,28710.1572,6.6086,185.4414,416.7001,4.9376
5.4471,450.0,16989.5942,9.1202,359.6779,592.7297,4.0628
6.1695,284.4845,20150.5524,6.897,224.1391,427.3052,5.2546
5.2032,217.8591,10626.7652,8.0062,289.9341,389.5635,3.7583
9.9471,195.6085,33565.783,6.3625,249.5389,369.5633,4.4575
7.0529,222.8443,35178.3096,4.9404,178.4428,550.9666,3.9513
5.9504,241.6898,21253.5498,6.7533,266.536,357.5885,3.8845
7.321,251.6172,28188.2452,7.6181,327.9283,478.8215,4.3107
6.8315,244.4484,21402.2942,5.6886,183.3792,375.2669,4.6442
6.6685,207.1665,9306.1965,6.5286,344.729,383.1755,2.5005
7.9213,184.2129,16705.413,5.1211,212.0223,502.42,5.7204
8.1363,187.8981,21055.4237,9.2385,241.3613,389.5971,1.7684
6.2042,184.4073,16363.6183,6.4111,322.4546,387.6164,3.1782
6.1363,290.7016,18250.7738,9.9055,226.9251,510.6244,3.8869
6.5874,247.4845,19268.8035,10.0575,283.006,547.7918,4.4948
4.0,50.0,19352.972,6.8379,254.8247,471.5752,5.8914
4.7272,252.4721,20418.0679,4.9831,290.3494,367.6184,1.7701
9.0503,215.5789,11515.1595,2.8282,100.0,379.1513,3.3908
9.4675,198.5033,14263.8708,4.0559,133.6255,426.3932,1.4478
6.6264,168.9185,9723.3259,4.2523,329.2774,445.6744,4.0379
7.8648,289.929,27822.5244,9.7569,362.9745,340.9707,4.326
7.4669,275.8021,3154.8245,7.2316,207.1611,477.843,5.909
11.6183,138.1698,29228.7227,7.7792,260.4777,426.8411,4.1448
8.6794,232.5642,31090.7952,2.5592,303.5775,282.7433,5.2528
6.8081,122.2675,17582.5553,4.6041,335.4574,345.6859,4.7006
5.5667,89.6305,500.0,8.7742,117.7858,379.6697,3.4777
4.5903,149.8626,17109.5155,7.5735,209.1168,414.1714,2.3092
7.3052,268.9915,19486.5267,6.7056,253.3936,571.1423,4.33
5.8655,276.25,11915.2142,8.1297,336.2512,439.0537,2.2095
4.8666,241.0468,15878.2528,10.2716,479.8744,352.7382,5.5542
6.0301,258.0077,32241.5616,6.5579,261.7595,437.6505,3.8055
5.3777,241.2943,25319.4173,7.1387,167.4418,391.833,5.4342
9.5307,148.6815,12603.4871,7.3852,312.1814,445.9807,3.4237
8.3225,234.5538,7219.2066,11.7842,385.6797,466.4454,4.3226
6.988,264.0328,17383.8615,2.8013,288.6411,516.7385,4.2512
9.2199,260.3433,18292.3458,8.3664,207.4681,418.0571,3.9459
7.1161,295.1131,23969.5935,6.7704,356.6395,551.1168,3.4808
5.7081,256.6643,15717.4663,8.1335,333.0836,492.6418,4.4709
9.2847,228.1159,24091.9966,5.6853,197.9135,363.4048,2.8886
7.8084,285.612,35481.2323,6.9021,310.514,596.7885,2.5487
5.4441,197.8783,26524.0082,8.4228,359.7812,446.1596,5.4914
6.7145,129.45,19615.2919,13.0,374.5512,353.19,4.8726
5.6866,186.9546,18534.7962,8.6161,274.6841,552.233,4.0791
4.9258,140.4078,17146.6149,5.3039,251.3536,586.2222,5.9982
8.3893,145.9857,29445.1273,6.1525,378.1819,417.358,3.6787
9.8641,188.4385,14981.4924,6.0932,183.1872,379.708,5.5872
4.9021,136.6064,20361.7817,3.4087,315.0863,406.21,4.2107
7.8445,175.3631,20409.5832,6.3398,170.3979,477.1785,2.7703
6.024,50.0,15985.7265,8.4657,365.2301,522.2285,6.2176
6.2693,217.0635,9020.2756,4.4515,259.3564,465.639,5.1889
6.1114,200.0964,22583.796,9.097,381.4867,428.1379,3.8548
5.704,134.6329,19511.9682,7.9755,319.313,539.8409,4.8726
7.0728,252.7397,24001.9238,5.5315,182.1424,394.9731,3.5156
5.7536,275.0056,15731.1975,6.7169,393.9702,502.4735,4.995
7.4057,71.3952,29766.5704,10.1966,404.0996,396.955,1.1307
6.9246,138.982,12985.8098,8.4671,350.5829,454.4818,2.7762
6.6416,138.4686,33696.3223,7.0176,219.073,410.915,5.1751
5.6387,124.8078,6018.9079,6.5246,255.5189,415.5318,3.7004
6.1348,266.358,23478.1605,7.1532,291.6342,389.8091,4.2491
8.1331,184.4939,23803.4455,5.9765,223.7032,527.5883,2.3839
7.7514,178.8388,13635.5435,2.7905,415.3877,361.3659,6.2174
5.5337,50.0,23395.1515,11.0844,291.5461,360.7814,5.4286
7.149,250.8334,30236.1494,7.3106,100.0,589.6795,3.7592
8.1271,100.8593,2265.4493,7.7963,307.1485,498.2278,3.5144
4.4959,204.7946,24021.9585,6.8842,252.1474,229.1909,5.2355
7.815,222.1902,500.0,5.5298,274.0059,374.7793,6.379
6.0061,308.8527,12274.6816,6.6282,250.5105,275.0409,5.1445
7.8559,95.2944,33033.3309,3.8012,344.5637,343.9447,6.6062
5.8551,50.0,15345.7437,11.5542,369.575,200.0,2.8932
4.2927,214.708,10608.9603,4.531,302.6443,409.0408,3.0167
4.5587,344.0409,18416.4982,4.9361,252.8551,328.6447,2.5733
7.0721,299.1157,36543.2507,6.1195,276.693,424.7924,4.5301
7.3896,216.7728,5346.542,9.5762,281.568,289.9903,4.2107
5.6435,160.6691,11589.5207,7.029,215.8056,426.6329,3.8177
7.9579,264.5698,31979.4535,4.5277,326.3143,386.8067,4.9711
4.5077,122.1163,34861.6187,9.5087,316.8034,540.1562,5.4788
6.9009,238.1086,19172.5502,8.462,403.2353,532.9085,2.1692
5.1835,240.4376,10087.5784,8.0769,380.428,482.8276,3.2836
6.0222,284.8168,36766.748,8.4315,225.146,393.8709,4.9842
7.0711,420.7728,32755.5391,11.7887,345.6239,578.8304,3.4387
5.7094,231.3933,25431.5759,11.3702,203.9237,295.7572,3.0422
6.4232,159.2829,13500.7812,5.6266,335.6746,307.7153,5.2222
8.5094,197.9541,19607.7653,10.2478,238.6709,413.2974,2.4526
6.1347,58.4739,18717.1194,7.7663,198.1397,600.323,3.6381
8.2535,144.4229,22646.8104,7.9982,302.4036,403.8129,4.3944
5.3054,167.2574,31608.0115,3.6155,100.0,405.3404,3.3114
7.7947,158.0729,27035.3363,6.6592,139.922,304.6472,4.9398
9.1624,212.1884,11380.9914,5.3744,265.8006,495.6744,3.3173
4.0,134.2064,31011.9716,8.6561,286.5953,496.2541,5.6903
5.8047,289.6825,22505.0571,9.1422,250.4545,483.126,3.8491
7.8656,200.0166,25496.5264,2.851,153.6451,369.6623,4.8055
6.6954,199.256,31732.3269,6.9559,214.5687,363.4635,4.8952
7.5567,173.7684,11107.358,9.2437,311.2967,316.5502,3.247
6.094,212.4153,19713.3954,6.6266,326.5425,426.7098,1.5358
7.1299,266.0079,15748.3636,8.4581,278.7022,333.5674,4.4329
6.7665,130.6296,7457.1246,7.7023,372.5467,325.8067,4.0867
8.7517,147.3507,22773.6798,7.6833,311.7918,386.1047,4.667
7.3816,175.7019,40092.4524,6.4574,220.2035,380.8675,3.7282
7.5064,92.3303,5279.378,4.5668,257.5598,376.9617,3.4835
6.3822,134.4594,19741.7551,4.7569,167.7707,457.3156,6.4102
6.2686,161.9023,25124.3435,8.4187,271.3489,426.3238,2.2332
6.3512,269.9511,20984.6256,7.0389,368.968,396.9475,4.8807
7.5917,221.0049,19094.9756,6.723,334.8232,434.641,3.3105
6.3685,215.4872,9606.2691,6.1522,392.1607,340.6778,3.5971
7.4347,268.0718,21862.2939,6.3896,255.7692,428.4223,3.6195
10.1131,189.0103,13945.8882,9.0938,387.688,432.0482,3.0359
8.3067,231.2372,2480.6264,6.3295,264.5357,299.7563,4.6855
6.511,191.7423,29556.7378,4.3179,397.7268,499.6555,5.6688
8.8018,221.229,27667.0866,8.4873,278.2515,349.4853,4.564
6.3879,153.3793,20413.2878,6.5902,336.5785,427.2248,4.1241
4.0,50.0,21832.5975,7.0628,398.009,513.1529,2.8163
5.4879,189.2577,28594.5441,10.2152,264.5258,494.0541,4.6202
4.1938,313.8199,21794.7173,6.9589,297.4711,422.7467,6.5876
6.4727,274.0972,27232.1404,7.5784,383.1091,391.0001,3.5432
7.0276,277.2318,17620.1424,4.6422,269.3597,495.801,3.5488
9.5147,298.8905,30495.8699,6.5607,174.3286,473.9756,3.3267
7.4904,207.0926,22566.2858,8.2191,451.4406,370.5308,3.4127
6.6713,215.7853,21552.4155,3.8893,242.4188,356.4085,1.0
8.2441,150.5878,9839.5113,7.4017,292.7005,254.2116,4.486
4.0,174.7142,22295.6468,7.2016,372.4805,432.3225,2.9853
7.3534,249.2617,13344.3607,7.0826,231.3205,413.3842,2.0677
8.1563,296.3108,14893.7382,9.0743,199.3706,510.8953,4.9038
4.7821,188.8443,13476.995,7.6689,300.299,448.7244,2.7016
8.7156,163.9849,11470.1205,9.9561,136.5539,526.7383,3.5936
7.5077,200.0422,36998.1712,5.0128,256.9675,364.2109,5.7597
6.3771,248.0965,30650.7125,7.2718,299.6031,511.052,2.3089
7.9492,84.4916,35362.94,7.1689,258.4038,377.6867,2.1609
10.406,50.0,10216.8398,4.8615,156.5239,482.2077,4.3232
7.2728,155.9571,20570.03,8.9126,407.5342,303.2993,5.3794
7.3723,102.343,9651.939,11.6493,288.2831,438.8108,2.1108
6.311,159.3488,14434.441,6.966,394.4922,261.225,4.4892
5.7252,188.1776,12654.9841,8.01,259.1971,398.629,4.6972
8.2455,163.7401,29916.6721,7.169,209.599,455.2283,1.529
5.7159,316.1974,16830.1626,5.5728,301.5345,378.3225,4.9582
7.1073,226.1396,28547.0347,3.3585,262.737,335.965,5.0519
6.2835,224.0379,24832.9671,5.5885,185.7791,487.6895,3.6259
7.7185,249.7766,38429.11,4.2161,397.5827,411.723,5.5028
7.5005,108.8934,8164.4462,10.4082,230.2184,380.8343,5.3637
8.5563,283.1289,30073.8659,6.7698,132.7787,423.3517,4.1237
6.235,193.9389,29171.527,6.3082,386.2533,630.9335,3.4583
6.5952,253.6384,12212.9693,8.7783,239.6562,512.2802,2.8326
5.5319,114.2514,28057.0667,4.7565,231.3741,513.0059,3.9549
6.3336,75.6993,22689.1597,5.4663,138.769,454.8437,4.6837
7.566,265.4312,18180.1899,7.1361,419.2753,433.3188,3.611
8.1355,230.1128,13408.5161,9.0575,176.8416,228.3134,1.363
5.6168,127.8359,14247.1244,8.0034,284.676,365.6816,5.5225
8.3044,130.427,36398.4968,7.4967,353.0096,381.554,4.2283
9.0335,290.0348,20005.4626,7.1562,313.7374,270.0086,3.5445
7.6202,104.847,26257.04,7.8005,275.2277,327.4067,5.0286
9.8152,331.4138,13672.8049,7.4033,143.8667,261.5331,5.8296
5.8393,127.9503,13761.1764,4.9401,215.222,416.9341,1.0
5.133,251.0714,28655.8785,7.0922,295.024,485.5013,4.5211
4.3319,173.7105,9203.3903,4.8526,217.0261,508.542,2.288
9.2441,248.255,16678.2899,7.1622,296.2688,453.1828,4.5989
7.9815,156.4709,20272.2193,6.0387,334.5395,342.9283,4.1535
6.9166,186.9766,20890.9808,12.0788,357.0002,265.4348,4.7629
7.42,203.2735,18567.2537,6.9202,181.9057,279.4505,3.4009
5.3118,119.825,23166.5582,4.1915,455.7317,318.4814,1.7521
10.6686,259.2659,25542.846,6.7316,341.3983,348.8912,3.4596
7.1938,158.9429,25877.1004,8.0387,279.8629,407.2201,4.4882
7.1641,181.712,12113.5695,10.3467,367.1629,338.8669,5.2185
8.0886,120.4521,17726.7592,5.8211,469.2326,447.1181,2.5938
7.7215,50.0,29558.1029,3.8351,164.9024,401.4181,5.2325
7.3358,184.7178,27157.1775,8.6337,261.979,420.8437,3.2226
5.8143,393.0092,9017.1244,4.2388,100.0,511.22,4.4349
7.7072,262.7683,22811.8392,6.1277,295.4121,325.5815,3.3881
9.823,198.4592,4174.198,6.4848,309.2315,453.4964,4.2186
9.0181,178.9687,20375.4792,6.8607,276.867,418.8821,5.0703
9.3898,201.7973,35182.1361,8.3783,227.6373,393.3211,2.5276
6.2332,243.7695,12416.8583,5.6327,116.0388,490.8205,3.1841
5.5156,105.535,13325.4156,6.4525,309.8827,490.3211,4.222
6.8113,289.1457,26112.2383,6.9715,396.4348,344.2807,6.8819
7.0836,257.2305,7657.5879,7.2992,232.7185,405.4272,2.9642
8.6413,257.4549,14937.9598,7.1957,315.2048,442.4969,6.4482
4.4613,235.0781,24771.5291,7.872,154.5485,398.1595,6.4053
9.2943,201.5693,14925.7132,8.6877,316.577,466.8017,3.8832
6.763,253.8289,18112.2401,7.7853,248.5294,442.4954,3.6422
6.3597,247.3451,25953.4857,7.9072,219.0066,566.6049,3.1695
5.4818,171.6767,23372.3687,3.8356,219.1709,297.5777,3.9182
4.5177,154.1119,22134.5472,7.1005,248.5111,410.2051,2.3119
8.2348,208.1485,17287.0218,7.959,310.5947,347.3198,3.9085
7.11,323.9216,22960.4889,8.4579,175.0269,468.3286,5.7963
5.0651,100.8714,19010.1386,5.6153,248.2308,290.6262,3.2667
5.0574,82.598,23662.4449,5.6819,276.6823,447.705,3.7111
6.4963,213.1809,16024.5438,5.8518,192.0769,369.5961,1.9586
9.5035,204.071,18539.4482,8.0728,423.7332,361.2671,4.4489
6.6106,213.8673,12080.3377,9.0678,211.7204,304.2801,4.3174
4.7453,219.5163,19719.9391,6.1851,226.445,382.7939,4.0764
6.6314,182.1438,13511.9931,8.8159,201.7354,506.76,3.7398
6.5909,319.1891,11087.6284,7.247,423.8784,417.9849,3.6487
4.0,71.9277,22069.2892,6.7514,324.2324,470.2144,4.6023
6.9186,133.7202,21701.9182,6.5772,205.0726,553.1713,3.9654
6.6536,191.7396,26262.9899,8.4932,368.4985,441.1004,4.378
8.0443,68.5449,16550.9954,7.6512,296.0559,375.296,4.258
9.7734,185.9316,23264.4228,11.5517,300.5803,457.3802,5.3481
8.6898,332.9176,24406.3806,5.2956,252.4418,376.4563,4.8124
6.5967,201.6709,23558.1905,8.0362,220.0467,379.6462,4.2314
5.3402,218.4561,13394.7705,5.9416,307.0213,298.4086,5.8221
10.86,99.1868,21194.9079,5.2614,236.393,494.1006,4.5043
7.0888,150.6911,22913.1224,6.9783,425.3405,389.1198,5.566
7.0209,169.9843,20057.4277,7.2747,178.4567,434.5679,4.7283
6.9638,174.5828,3308.1787,12.8363,402.8925,337.123,1.7897
7.2971,302.5315,21283.917,6.6317,271.0945,454.8758,5.5658
6.7835,244.6153,37700.2483,4.7396,303.9269,359.0447,4.1622
6.1395,111.0834,17119.6858,7.546,346.6526,408.6633,3.9377
6.1797,219.7204,14175.3832,2.8507,229.5801,490.2261,4.3376
6.9509,239.8577,22986.7885,6.8161,349.1399,483.2607,3.586
6.1849,291.2119,22499.0257,7.0321,100.0,418.2376,4.2724
5.9307,326.4433,29541.8813,8.5892,222.4008,278.5495,3.2897
7.1596,118.7925,9937.0548,8.9472,206.075,659.4248,5.5291
6.6175,135.1314,25851.042,5.9929,179.7195,559.6687,3.8637
9.256,99.3938,24723.3765,6.6988,262.8036,477.814,3.5409
4.0,181.2784,18862.8277,5.4678,310.86,359.7437,2.8901
8.6373,237.3087,22709.4985,4.7439,336.2128,410.9126,4.3225
8.8691,278.9868,28235.6599,7.6198,299.2701,376.5264,4.2245
4.0,193.9239,26978.523,4.4528,226.7445,521.1085,4.4661
6.486,174.4122,10855.8455,6.1707,309.5213,441.0002,2.7673
6.4428,212.1406,26561.2655,5.0097,289.9429,357.2669,2.0786
4.8887,133.1886,19482.4912,8.0994,354.8845,382.3396,4.7507
5.8333,367.1631,20582.9928,10.6029,342.1549,509.6951,5.7816
5.3341,71.3871,20585.5759,4.3968,282.4381,548.0078,2.7684
9.6284,214.7792,18798.0561,3.294,208.2198,542.2665,5.9073
8.4035,361.8885,29533.66,6.7502,227.764,480.5626,4.3407
8.9073,200.544,19330.2563,7.0314,236.0169,399.79,3.9915
8.0825,184.7969,11043.631,7.4373,254.7787,200.0,3.5229
5.3064,171.4044,16851.7612,6.1074,301.444,443.7728,2.3386
6.2132,185.5687,21429.5577,6.5987,337.214,419.8537,5.1853
7.7341,309.8279,29833.7183,7.735,275.9105,431.1986,3.0693
5.1668,50.0,24824.7575,9.0809,281.29,424.3118,3.0642
8.0695,322.6747,13195.7178,3.0899,291.4645,313.899,5.1903
6.6395,86.0834,39881.5193,6.2621,238.7276,464.5927,1.7404
6.4378,178.6678,22118.2025,7.4276,205.9686,470.5773,2.1717
8.0664,165.6604,30203.1259,5.164,139.565,474.5871,3.9782
7.6664,247.0843,18786.2845,10.4623,224.3881,495.7262,4.3519
6.4586,72.1501,24266.874,5.7292,317.8516,468.3241,4.5817
8.739,236.9738,26715.748,6.9174,223.7671,387.1976,3.6378
5.3784,361.9448,29745.5577,8.112,260.9754,414.3331,7.0364
7.9239,90.9461,28458.9464,5.8174,317.3145,427.29,3.7265
7.8897,215.1765,26977.576,3.3069,321.6552,428.616,3.7231
6.5357,147.0414,17479.3062,6.1427,193.6374,499.8574,3.0436
7.4892,234.071,15426.0317,9.0589,359.7647,471.4935,4.1487
5.1233,201.5318,22660.8601,6.3262,370.188,586.1875,4.738
8.386,148.681,27465.0246,5.3071,189.612,596.5175,5.4443
6.7226,239.0298,18218.2344,8.8513,214.0931,426.372,2.2129
6.2159,344.3478,28521.3757,6.3385,375.2873,200.0,3.7048
8.5735,184.7277,31620.934,5.9797,268.2517,518.9466,4.536
5.9435,257.5806,12669.4326,7.2989,102.4178,376.7699,4.7045
4.8873,96.5382,13304.6344,8.5415,168.0255,355.8813,4.0079
4.6651,123.4851,18876.9995,11.7634,260.0504,388.1244,4.6509
7.909,237.7925,22460.9013,8.6545,186.9566,384.2686,3.0292
5.0794,318.7293,15803.4639,9.3197,246.9261,468.9816,5.8695
9.6322,228.4491,30817.6214,5.9881,282.5917,295.2451,5.1912
4.0,174.9554,23392.5349,4.9483,396.9804,333.7823,2.3861
9.5447,199.9433,20315.5764,7.1247,256.7637,447.4527,2.7099
7.3165,99.9674,8512.7238,7.2143,365.8033,469.8355,2.7437
6.8549,248.3612,9473.4735,4.843,394.3008,471.3233,4.8136
6.1826,270.5866,22248.074,6.6494,394.7448,357.0371,2.4583
7.5987,163.8328,2939.235,7.7986,302.7804,341.7387,3.6028
6.9435,162.3966,28101.0993,7.7208,122.9369,379.4692,4.5456
8.655,221.2703,18734.7692,8.0086,316.866,439.1898,3.9206
7.1713,165.0624,45944.7438,7.5819,363.872,538.8382,4.3107
7.2255,194.7094,38463.33,5.986,273.5146,256.205,2.721
6.4546,367.9777,18548.4074,5.9722,419.5667,402.3417,4.7138
6.9146,180.2379,19149.304,4.6021,348.7867,313.3857,3.2641
7.4617,171.3328,27964.6521,10.5696,325.4619,287.8206,3.6105
4.4347,148.1967,33625.3809,7.0269,366.9105,497.3565,4.2853
4.9777,259.5354,6895.7675,6.5503,306.6696,463.57,4.1237
8.1149,185.5021,5708.9963,5.1424,100.0,455.9547,4.0288
7.2563,148.0502,15023.7216,12.8713,240.0689,493.6821,3.0992
6.724,305.7043,24661.9007,4.8533,375.7734,381.6225,3.6405
7.0277,313.5682,23974.9887,6.1423,215.3927,385.389,4.0026
7.5214,151.9661,28558.1716,7.8317,262.1222,594.8584,2.3499
6.1904,50.6768,10402.4198,8.2004,196.4131,400.2743,3.445
5.8325,280.6011,1470.8491,8.9159,422.7138,478.8106,4.4652
7.2938,145.2296,26864.1136,10.6152,414.5194,420.5105,2.4671
5.5324,263.25,13374.4298,8.0123,209.2905,272.1393,5.3879
7.6124,50.0,3852.0971,4.8879,291.7838,256.4297,5.5235
4.4461,271.4078,21160.51,6.4861,225.5605,373.6813,2.5058
8.5437,103.1062,26345.4055,7.6157,329.1956,504.4881,5.6291
7.7089,258.4611,19023.5429,11.1365,320.7746,483.0633,3.8277
7.384,201.1418,16337.2129,4.2044,344.9364,493.1262,4.5022
8.474,123.6848,18725.1021,9.4052,306.5535,341.0363,3.404
9.4982,167.4371,17035.3379,7.3598,480.0,549.2698,5.1077
8.5216,254.9055,9215.6231,8.6757,197.7661,342.8085,4.4873
4.2387,208.4716,14282.5546,6.796,143.1517,437.026,3.023
5.0806,246.753,24170.2392,5.3151,248.5528,419.1718,2.6018
6.0628,358.1152,22573.4283,8.5017,154.5609,406.0901,2.2476
7.0391,74.8607,21344.4784,8.3089,160.603,527.0874,4.2255
7.7765,329.377,12038.8121,8.9441,199.8948,363.5912,4.687
5.9114,208.3485,18547.9747,6.9734,206.2249,312.0316,4.7812
7.2802,128.0973,2583.4796,5.8004,203.6306,421.5996,3.8584
5.8669,93.5749,21427.8133,3.8824,321.4575,388.0139,2.6116
6.0827,184.8704,31430.8617,8.6387,239.5049,690.1906,3.1815
4.89,273.732,8206.9429,7.8478,265.6388,474.1206,5.3828
5.6152,189.7961,15312.5786,5.0684,351.5386,387.2528,3.4184
4.9725,320.8924,22632.8542,5.9229,218.6942,335.5111,4.1721
5.5362,83.9059,30022.7411,6.0665,258.8363,269.5769,2.7092
8.5805,199.0329,16414.2031,4.034,309.2608,337.9825,4.4039
5.5759,99.8085,14461.9974,5.3646,124.6746,429.1953,3.4508
10.9486,229.0906,4248.6149,4.7323,100.0,534.1863,5.2561
7.74,270.951,20827.505,6.175,307.6894,509.7351,4.9283
7.2773,166.3391,36336.6083,5.5226,319.3611,438.3276,3.4052
5.7125,50.0,22218.8677,3.746,445.1376,394.1466,3.848
8.0505,215.9159,19821.7682,11.0452,292.6476,441.505,3.3387
6.1365,234.9391,22576.6585,9.5051,345.5792,378.509,2.2967
7.183,232.3436,19911.264,5.442,264.3622,557.4691,2.9711
10.8401,298.8626,13495.885,7.5448,303.7782,404.8648,4.2379
6.8559,114.3157,26586.2393,7.8349,413.3805,413.093,4.3903
8.7239,254.4173,21806.0922,9.3822,110.0806,242.7342,4.1783
5.9452,295.4006,20140.906,5.3628,313.0893,404.3652,3.6379
6.9475,57.713,12197.0718,9.1842,450.8469,486.9187,5.1197
9.6562,225.5721,30428.0635,5.9042,302.5627,334.5822,4.0763
6.0595,159.6656,25317.622,4.3283,412.0458,359.9424,4.8439
9.7187,193.4782,15576.6333,8.4483,229.663,483.4169,1.8715
8.0616,227.8141,28014.5988,9.5815,277.4362,301.8674,1.0
6.1563,161.0217,16019.4333,12.1758,282.682,504.6241,4.3405
7.9486,145.9434,13743.9721,4.6005,102.5927,377.4285,2.2903
8.4588,202.7322,13922.3751,8.3978,186.5458,388.9145,3.7451
7.9327,113.0203,5831.4516,6.1804,192.25,330.0897,3.6375
4.6447,113.134,23772.339,8.5667,345.7653,450.2437,5.9049
5.9093,254.3499,5350.841,4.059,349.7722,616.7898,4.48
6.6287,108.0965,10172.4493,4.4745,305.9229,482.5198,4.199
6.8883,253.305,3395.2959,5.4483,345.9282,350.8572,5.0044
7.931,237.0073,19311.4425,7.1579,266.868,510.8496,4.4422
7.2666,61.9355,18797.4363,5.7178,376.1545,394.6656,3.4508
4.997,145.7948,17386.4303,8.3181,280.7031,529.9588,5.2858
7.5703,295.5288,11659.3784,9.0538,284.6291,484.5341,2.6683
7.9159,121.5068,10622.13,8.1992,258.7526,200.0,4.3879
7.8397,162.8477,23714.9589,10.2376,334.756,339.6736,2.1429
8.6212,236.9649,15595.5845,7.8317,246.3041,495.5508,4.2447
8.2509,262.6712,22530.8666,4.5662,358.1145,432.1326,4.2316
7.6888,179.8769,12918.0105,9.7268,189.4281,338.0995,6.0117
6.8948,152.1992,21448.5019,5.7897,192.0867,369.3128,2.122
4.5086,313.7896,30426.2243,8.8208,334.9941,267.5011,3.2789
7.6444,339.112,24689.3264,10.1475,272.9165,412.9301,4.9872
7.3115,278.3086,16700.6895,7.9134,243.6887,596.8552,4.4024
7.4074,206.8255,22057.5918,4.0077,351.2046,484.3947,4.2164
5.0849,135.3387,18074.6786,5.1636,231.4191,595.2334,2.8526
5.3784,133.5644,20063.0415,9.6455,263.9839,490.5918,3.291
8.5797,241.8011,17395.1116,6.6618,391.9382,502.1983,5.494
6.9407,233.4719,18685.3184,7.1591,403.1314,577.9263,3.9382
8.0223,312.1279,21696.7468,8.5176,405.7919,450.1811,4.4504
7.0425,252.036,12053.1304,8.3926,257.4299,405.0218,3.8618
7.0446,79.7536,11872.9694,7.5576,378.4562,502.6126,2.5803
8.4074,284.1558,8891.6596,6.5827,204.0838,536.3072,5.1206
6.2259,120.1551,7197.8312,6.3747,207.4478,381.6028,4.6039
7.1442,169.2823,10261.7385,8.7158,100.0,362.2745,6.7668
6.3066,220.016,21275.7001,8.1071,413.8295,431.1085,2.7813
6.3483,359.6534,12857.6999,6.4854,210.8816,486.5199,4.9871
6.5362,448.7935,24108.9157,9.1642,269.8774,483.8473,2.4261
7.3332,248.5378,20277.71,6.7419,207.1741,306.0666,4.1888
6.2819,185.3443,4251.9663,5.2967,335.6132,572.9285,5.1718
8.8836,242.7605,25239.8047,5.4821,249.9493,368.7068,1.5134
5.6581,271.0124,26486.3892,5.0425,175.6146,398.7948,3.7541
6.7197,174.3466,12049.0986,6.4552,315.333,347.7877,3.3241
6.3404,343.6169,23361.5323,9.4674,165.3016,635.8663,3.1577
9.1705,218.4057,13148.0141,5.3898,213.0075,439.3657,4.4623
7.2948,239.8194,20781.363,7.377,111.4489,351.922,5.3448
8.5478,253.2739,9884.0127,5.6866,166.0834,489.1139,3.8401
4.7717,233.7269,5655.1484,6.4794,294.2823,481.5309,4.2466
7.4006,267.1152,16937.4625,3.9799,122.8371,404.9818,4.1372
8.3344,150.6197,19010.1684,6.5589,161.5083,487.2485,4.0022
7.1234,155.3359,16818.5625,6.6126,279.8105,353.9766,2.6928
8.5982,111.9877,10527.7555,8.0806,236.5114,380.5665,5.3301
6.2241,235.1601,16800.8075,7.4466,439.3629,259.1827,4.3542
9.114,262.3149,22154.358,4.6032,426.7117,314.0839,4.4739
10.4483,236.6218,19640.8558,9.1684,210.5662,564.6105,3.0322
6.4557,333.9594,21460.0082,7.4206,324.571,551.3143,3.4489
6.3317,199.5523,14639.0784,7.3968,339.9426,425.2631,3.7886
9.1801,253.4993,29373.7433,6.9816,232.2017,553.0345,2.1591
9.3694,112.6639,10590.6133,5.9645,160.3567,407.194,1.9744
6.2157,169.032,23900.4824,7.4356,279.0161,400.5272,3.2791
6.3697,255.643,29455.1287,7.9512,266.1723,424.5209,4.627
6.5773,267.9282,23847.2647,3.5062,245.1388,410.0063,3.2162
4.9833,176.4826,18379.8062,5.9225,315.3853,402.7843,2.7774
5.622,194.2721,15773.6236,6.4901,219.9416,511.4718,3.0224
5.4938,78.5701,28288.7012,7.5123,187.8402,432.0109,3.4536
5.8483,171.4377,8616.2006,9.3866,288.7266,476.9985,3.5754
6.948,271.2307,12239.0059,5.4565,310.8776,502.5104,6.5986
7.3513,246.0164,16819.5379,6.0041,185.8684,451.0549,5.2655
9.3258,240.0533,29901.2301,5.9749,354.2472,342.3783,5.2297
5.5025,203.9819,23038.1411,5.3969,138.3615,311.7707,5.4023
8.4765,200.5651,12255.6339,6.3056,233.7509,431.9025,2.8014
6.679,147.1743,17517.5384,8.5416,259.3593,406.2995,2.5332
6.9258,255.9063,15085.4148,4.8923,229.1021,426.9913,2.6718
8.0122,233.6778,14321.6881,7.8556,234.7952,418.7157,5.6014
5.3159,239.3615,27831.1165,3.5962,429.686,626.6859,3.3434
7.5736,157.9172,9026.055,5.8773,211.9293,313.5819,2.4984
7.2497,50.0,32870.2468,6.341,475.2977,260.8043,3.4828
7.7387,287.7722,26625.8375,10.3497,314.9701,446.5901,3.7137
7.4338,161.693,28726.8934,6.4504,287.3644,389.8862,4.3221
10.683,130.9779,16296.4839,2.5975,318.0992,445.2854,4.3011
6.0434,255.4783,18800.4742,3.0022,480.0,466.7106,3.0062
6.2035,168.639,8534.7855,7.0681,200.5126,522.7284,4.8228
6.0653,284.7949,15802.7007,8.2275,190.3666,299.4219,3.233
6.1668,249.3605,23949.2388,7.7509,219.6107,375.4626,3.8125
6.0439,254.6855,30368.5045,7.3351,282.5715,454.3009,4.8241
8.7835,90.7235,11142.7455,9.3245,141.9383,481.6371,3.2298
9.1308,296.9555,17075.9525,5.9208,281.7871,595.476,3.3168
6.1439,220.9,18789.6062,8.7898,415.4838,496.4563,4.71
5.7515,170.4578,8833.6864,3.736,292.1126,415.4569,2.9707
7.7071,211.4711,24730.7939,5.1901,256.5852,348.7651,3.5382
6.1717,57.9012,14208.0773,3.3859,230.5472,374.8568,4.6669
7.9494,232.6922,18436.8772,6.4503,351.8809,372.5838,6.4649
7.3044,117.6503,16384.405,6.9075,213.9334,472.4187,4.7265
4.7264,91.7864,13685.292,7.2282,427.7117,440.5598,4.5672
9.3213,78.2113,19943.6401,7.1238,434.6688,314.108,4.637
9.6938,289.0151,18275.1234,5.1449,300.5401,385.1279,2.7122
6.0808,149.6589,17025.1369,6.6195,279.0788,490.2038,4.1387
6.4184,322.6982,14172.307,4.0051,362.4528,448.133,3.9643
7.4288,157.1359,22556.1974,9.7265,367.5839,465.4916,4.3859
7.5017,63.4114,33228.9381,6.3927,215.5207,450.6337,4.1398
7.9878,110.678,21119.0979,6.0222,237.8756,550.1145,4.4556
10.0153,298.8649,27968.9457,10.1779,174.2122,438.8834,3.6262
6.7346,187.5281,8878.2246,4.5155,312.7252,389.1182,4.0703
5.8026,156.137,21262.0915,4.7488,333.3302,346.7396,2.5266
4.931,212.8015,11221.0534,4.8076,172.0059,439.9688,3.6161
5.9036,240.1426,8184.6006,6.8643,243.5841,224.7437,5.669
6.9503,289.3919,14085.0287,7.8633,172.2197,405.2569,4.3826
9.6918,315.8799,29535.1947,8.4794,208.096,403.5328,3.9749
6.2236,171.2185,27600.1266,12.144,324.0814,310.8423,6.2753
7.3357,93.9162,21944.0378,2.5011,221.3214,345.7387,2.367
6.9754,166.9228,7738.3955,8.2175,255.9339,484.7726,2.6687
8.7826,220.8224,18429.7548,5.8857,149.8151,438.4569,6.0553
10.7904,122.8993,22413.6001,5.8272,294.9592,428.1431,4.0552
6.2037,123.4279,21404.2898,5.7605,276.4581,444.5078,3.7089
6.2658,227.503,5249.6513,5.1825,221.6833,427.4102,2.561
8.5662,196.1078,12877.4572,10.369,264.8789,519.429,4.5372
8.0228,202.6238,19487.3779,8.6846,294.4236,429.8743,4.6534
9.7701,139.3204,24290.3273,7.0464,214.8105,303.343,2.6866
7.8759,181.5679,2430.9774,9.702,161.899,550.4104,3.8317
6.4611,126.0613,18703.0082,3.9749,424.446,449.6272,3.5974
7.886,271.2159,21144.3902,4.3386,229.3382,372.8597,4.3072
8.6631,282.8199,26796.8959,2.6441,272.2592,319.7279,2.6569
8.2307,52.305,25542.8607,5.6012,360.8672,451.6731,5.5023
7.7609,125.6391,24660.5706,7.3234,480.0,410.6262,5.099
8.6,80.2777,13600.4759,7.2057,180.4411,545.9317,3.5642
8.7539,147.9981,4735.9829,7.2987,315.9862,392.3274,3.7403
9.0732,193.325,16855.5779,4.1779,223.3958,353.0095,3.8363
7.9731,84.0284,28013.0546,8.6063,236.8968,491.6637,3.066
6.7493,126.2512,31147.6362,7.4793,222.383,494.0226,3.4679
7.2201,119.6834,25684.3928,8.4661,189.9476,433.4921,3.6757
8.8098,216.5814,23434.7266,3.2145,276.6967,474.1086,5.9354
5.7746,205.5475,23037.1172,7.623,162.0398,416.985,5.1359
7.553,142.261,15551.05,4.6245,355.7446,438.7092,5.1216
6.41,214.1457,18959.5177,6.2054,284.4002,513.1993,4.4439
7.0431,156.2656,33352.5562,8.0687,313.7948,470.0255,2.6592
8.9177,178.2676,12459.536,7.1822,242.7049,406.458,3.9502
7.2866,333.8762,32918.2303,5.2969,250.6237,528.189,5.1646
7.0697,307.2369,17423.7748,7.0125,303.0051,230.8116,2.4901
4.9602,96.0335,30603.4569,3.9369,186.8759,584.1659,4.7639
8.1194,266.3786,8745.4799,9.3005,251.3608,283.5233,6.7871
7.9682,264.9117,24687.2336,6.5894,211.2309,369.8326,5.2742
10.2449,108.1389,14105.8389,9.2371,208.7545,416.7266,5.6968
6.5383,265.5022,8677.8625,5.9469,111.2129,408.2815,4.262
7.3287,323.0346,21748.2723,5.9528,387.1461,500.5129,5.1615
7.3741,110.1964,28075.7743,5.4716,225.0769,335.3731,3.1386
9.3662,126.5998,13240.4685,8.7523,373.0701,440.8613,4.955
6.8571,281.4129,8007.8723,5.5811,365.5034,373.743,4.7853
7.4185,221.7196,19265.2419,8.2892,177.12,443.6113,4.3479
7.9118,244.1181,19300.5174,6.2351,192.9271,414.8182,5.5792
7.2799,227.2471,24386.557,3.0481,480.0,427.4349,3.3535
6.3303,231.2557,27596.7566,5.8594,420.0741,376.006,3.7755
7.2911,93.8822,19524.6785,4.6418,277.4785,379.1949,4.1146
8.6104,283.7854,34844.0265,7.0678,300.5898,442.9818,2.7645
5.4602,293.5672,21793.878,4.6192,229.5323,495.4972,4.2723
7.1995,181.6487,17228.588,8.852,314.5882,372.1377,1.9373
5.9498,196.5218,7107.4611,6.8178,222.6254,350.4986,5.2563
8.7926,77.5114,17898.7238,6.6448,117.4117,469.0768,4.056
4.7152,241.1404,17308.9044,8.3118,174.2755,417.3997,3.3749
6.1616,245.7646,27682.4384,8.9278,281.6874,486.4399,2.9988
7.5658,195.0247,23699.869,6.9598,189.5146,347.5362,3.7185
9.3483,289.9483,10565.047,5.4576,274.6178,277.6449,4.8259
6.9014,173.2738,21378.0351,3.4521,194.0271,377.3597,4.6573
6.1672,245.1685,25372.2494,5.6279,217.4117,358.6918,3.1534
9.8217,118.4269,32224.2509,5.7656,348.2532,413.6969,2.9848
4.828,198.1158,27100.0317,7.2141,299.7984,369.0524,4.7883
4.0,186.0517,26086.7732,6.3097,279.2268,479.2814,3.1332
7.66,218.0246,20480.688,8.3759,350.3171,396.948,4.0719
6.2469,170.4378,23106.496,5.774,318.4487,432.038,4.1485
5.4682,189.4822,29996.0392,6.8859,395.7251,432.6108,4.3745
8.0625,266.0838,9337.7808,9.368,243.2113,435.5964,5.0299
7.3657,165.0589,17204.4854,7.6837,245.6292,418.0697,2.4844
6.1539,71.4738,13819.45,6.8799,175.9113,460.8481,1.7066
5.0795,339.9667,23033.2249,5.7961,245.6815,356.3476,3.3191
8.3087,310.5163,29841.7774,5.7335,357.1816,531.9534,6.1618
7.9753,96.619,15224.2057,5.2988,383.999,401.077,6.4266
6.8512,255.1766,877.5651,5.918,356.8244,315.0761,6.1974
9.77,159.762,16702.234,8.5113,136.4647,435.0459,3.7684
5.3949,221.079,27307.7899,6.5562,366.6516,351.9056,1.8615
4.7117,223.5379,24301.0392,4.3005,132.9185,473.2268,1.1884
5.9621,181.2474,23425.49,10.5363,351.8494,596.7684,3.2632
6.9316,137.2987,17760.0536,7.6399,250.5772,357.0742,3.7623
7.365,144.7567,9767.7541,4.1861,336.2027,446.5898,5.5608
6.6381,126.7046,24122.3546,6.1163,173.4041,279.5596,5.0414
7.5281,133.4542,13325.7455,7.2218,373.6934,456.3124,4.2729
5.1227,194.6257,37472.7739,10.4092,162.802,349.1429,2.9322
9.1656,142.7392,24564.0577,4.7838,226.5236,370.0132,2.8471
6.8768,254.5642,15354.8136,8.9521,200.1524,331.8971,4.305
8.6759,318.9797,15108.918,9.799,139.6572,478.5721,4.8365
7.5141,153.5957,19256.4463,5.7427,287.5622,500.5843,4.4703
7.6851,219.1524,18083.9846,6.445,424.4871,421.8708,2.7585
7.8547,239.9748,28934.6702,4.9274,480.0,350.8459,4.7808
7.6716,237.7602,21491.3294,6.5931,287.7725,547.1618,4.5111
7.9641,206.0764,14146.9461,6.9268,369.3345,359.9672,2.7152
8.9937,259.4146,35123.5255,8.3193,298.5676,247.0374,3.0588
7.2948,238.5799,20394.4667,9.1804,319.9107,456.6711,4.8262
8.0635,100.987,26150.7174,5.5038,252.6281,331.618,3.7186
6.8654,269.5325,15134.1879,3.0653,295.6062,499.0887,5.907
9.1602,270.9833,22904.925,6.9575,322.9983,389.509,4.6014
5.9854,138.9371,22488.8799,7.5871,233.7232,468.2971,3.416
9.7014,203.035,4882.8057,7.4988,273.8005,532.12,3.9878
6.9398,254.6663,36122.2009,6.3467,275.3256,323.2913,4.0761
4.8538,183.2549,30325.1557,7.2495,346.1123,374.725,3.1259
7.1922,285.8382,16822.4375,10.0309,194.7174,413.9463,2.9049
5.9784,389.1098,11181.8421,7.7635,275.8766,543.0041,4.8417
8.261,137.1211,22780.4929,6.2533,432.9604,367.3294,5.0143
6.0211,89.5164,20693.5816,5.9996,373.1248,372.4397,4.7245
6.3307,224.3055,22845.3516,6.6603,387.9343,458.2512,5.8184
4.1657,257.725,21532.6192,10.2735,281.9545,373.8217,3.3499
6.3215,181.5307,24049.9279,6.6334,305.6798,432.2021,6.0091
4.0,316.2609,31578.4456,6.9604,360.1789,295.877,2.9189
4.6241,92.9115,24544.8256,6.0354,404.8204,597.1464,2.7848
8.1406,255.4335,11602.756,9.198,123.8718,312.1833,1.888
8.1787,151.5311,30900.5028,10.9197,174.7647,394.2598,3.465
7.6382,337.5502,33124.9165,7.9012,384.7555,417.4015,3.3955
5.5495,359.4012,45216.4539,7.1655,257.8489,573.0151,4.6311
6.9284,138.6675,11012.0477,7.0736,226.2623,314.0123,4.2927
6.9946,156.0354,21943.0561,2.2314,179.6671,578.6963,2.5684
5.2625,268.767,3343.2104,8.4903,235.5987,480.5741,3.5287
9.2551,169.0295,24425.1933,7.2683,167.8105,453.3676,3.5542
8.316,196.3671,15614.3976,7.8567,447.2875,341.2293,1.8688
6.6686,202.0311,35387.5664,5.5771,278.2051,465.6913,2.8229
7.0403,50.0,13803.0802,6.2311,275.364,362.1211,3.075
7.3126,198.893,6486.5357,6.178,327.0461,521.3329,5.7204
4.0,144.8218,16229.8901,9.0432,356.9876,342.315,4.2297
6.6292,160.5502,4196.0978,6.2425,355.6711,410.9473,4.7946
5.977,315.4906,26008.7956,11.1653,365.8898,375.5782,2.2016
5.4976,99.4794,3479.3356,7.8617,229.5324,340.9982,5.4331
6.5783,265.0564,20227.6606,4.4486,256.1707,479.3056,5.5613
9.6965,177.683,3377.5054,6.7429,341.5225,462.8367,1.602
7.9613,177.6192,17437.6176,5.6966,237.8089,516.7208,3.1536
6.1432,263.2298,33147.0252,2.6112,279.5915,277.61,4.5949
7.8589,227.2041,22885.1831,10.1989,311.9011,505.1337,4.7733
9.099,245.649,13092.0512,8.4063,342.8148,620.4359,3.1858
8.387,277.4548,19750.3721,8.0664,137.7855,383.8687,3.6334
7.0894,173.4953,20144.135,7.3308,337.1797,571.6119,3.2831
6.0296,151.0211,23781.0428,4.236,261.3021,398.9471,4.1325
8.0473,113.188,9065.1331,6.0328,336.5966,310.2072,5.4366
7.5902,133.9672,24740.5382,8.6836,342.1545,395.5494,3.0747
8.3428,435.9276,500.0,4.8976,408.6332,503.8563,5.201
7.9528,299.5744,14960.9236,1.9365,388.2763,352.9459,3.062
8.5743,91.9141,16093.8093,6.5458,387.7257,371.9729,2.9828
6.1971,94.2034,25066.6146,6.7165,395.4936,467.4832,4.9823
8.9761,238.5493,20181.0468,7.2711,303.3103,420.2448,5.1063
7.2964,243.7812,8755.4956,8.457,282.5748,466.7698,5.0217
10.1129,243.9107,12120.055,8.2752,349.8254,439.0264,2.421
5.9662,179.6035,21589.4401,7.5175,338.5665,458.37,3.4409
9.6039,189.9637,19367.4613,9.3911,255.2747,385.4159,4.9876
7.2969,226.2304,15367.0071,3.9621,312.3859,438.5385,4.0499
6.0229,206.8714,16153.3297,8.0092,277.1923,345.8102,2.7116
6.2742,50.0,25569.344,8.2531,211.6854,523.0747,4.55
6.5195,181.616,15858.4594,4.5209,383.2369,369.258,3.1422
7.6362,131.8875,19295.27,3.9943,284.4159,510.3078,6.1534
7.7843,214.0169,37359.4927,5.5081,443.8967,401.3114,5.8538
6.1394,438.8207,8610.5389,5.6769,149.9606,436.1599,4.7249
6.9635,229.3985,5185.2581,8.5068,235.4577,380.4028,5.6332
10.2134,174.9176,26268.7173,5.7709,282.6111,338.7204,4.0777
9.5913,273.7441,14570.8555,5.2873,370.9905,280.4192,4.9185
7.6545,238.615,17454.0998,5.7767,311.9575,335.5741,5.7733
7.057,233.6076,13750.749,9.2373,304.8378,394.0873,4.2946
7.18,248.548,17921.5989,7.0261,189.8189,436.9503,3.6938
7.9203,364.5235,32788.3049,6.6415,187.4447,500.8303,1.9545
5.4658,109.5289,26417.0277,6.78,305.8004,384.3394,3.9002
6.6139,237.8906,26897.7881,9.5841,170.8715,349.4431,4.9881
4.4971,125.8895,8670.1836,5.5017,237.4498,304.5828,5.1348
7.5988,244.441,10790.7701,9.631,320.0734,458.4051,4.6052
7.9708,126.5051,500.0,7.421,201.4141,530.6556,3.3504
6.2752,166.6107,13524.9534,6.6792,408.4285,521.3064,1.6278
9.361,176.3928,27653.6255,12.0018,377.9149,476.7946,3.4057
5.1614,278.0653,24135.5721,4.8887,154.2864,471.0835,3.6348
4.8034,273.4764,18227.8939,6.2926,205.4103,555.8099,3.6245
7.3367,100.3426,19821.5977,4.5351,100.0,446.5665,4.7423
8.5706,204.3947,14488.9157,8.9049,217.3927,471.6904,6.3828
9.5259,143.2336,21638.0711,10.3784,341.3111,394.3373,4.1482
6.3117,99.3196,26127.0262,10.3398,246.8884,311.0365,3.7399
8.618,182.6386,7072.9057,9.4479,316.8638,365.2921,3.6889
6.9422,175.3214,22397.1815,6.6048,158.2133,419.2673,4.1493
6.7411,394.1373,27459.479,6.2695,343.838,424.8628,3.006
8.3255,234.6368,16679.1977,3.6577,235.5913,574.1029,4.1442
7.9785,89.7906,25605.6049,11.0717,280.9736,426.5022,4.541
4.6354,154.8181,42517.2356,7.938,272.57,514.3075,4.2516
9.2148,281.7107,19165.2577,6.0161,178.2761,385.1938,4.5491
9.0701,367.0754,23146.4564,9.6561,187.7533,395.0659,4.5205
6.0617,73.1213,14095.5433,5.0545,357.4236,313.6794,1.8737
7.5937,50.0,21450.0093,7.8132,311.9194,360.6138,4.7642
7.741,349.6772,23682.173,6.6547,364.0039,462.1585,3.1948
7.391,231.1691,21558.7387,8.2774,305.9727,420.6048,2.685
6.1745,130.5366,11842.4374,6.8729,291.4393,495.4351,2.6747
5.9926,242.7703,21650.8942,4.0981,141.9192,434.5003,4.5202
6.9617,50.0,31697.5675,7.1512,258.3707,391.8037,3.7329
8.7591,200.27,23589.0861,9.0977,277.8093,591.8637,1.9816
7.8154,226.2257,27695.8975,6.9416,436.2486,412.4877,4.5736
6.4441,273.9416,18103.9042,8.5502,334.9565,513.0401,2.2725
8.1575,118.8883,25999.2019,4.9089,402.8849,387.9033,4.1678
4.0,206.855,22234.1427,6.9475,327.803,476.768,4.2862
8.7231,125.966,12392.7142,5.751,223.0957,494.2413,5.0627
4.3904,220.4307,22548.168,8.494,289.3699,436.6794,6.138
6.4563,128.3723,12066.4267,7.063,298.8979,231.6414,2.3624
5.3205,167.3519,14936.9578,8.3801,204.8676,421.4602,3.937
5.058,120.3348,21514.6265,9.1754,249.249,518.4368,3.6684
8.7412,252.0909,22377.9542,8.3832,263.5386,462.1985,4.5205
6.2984,268.6761,10486.1403,7.5462,408.4496,455.6671,4.2588
7.5198,181.2304,28431.8862,5.0036,113.5408,282.2194,3.5769
6.9296,203.059,24576.0502,6.9944,376.4655,362.3636,3.4709
7.7156,84.1127,14362.1725,5.9338,205.0564,452.9086,2.6603
7.1152,176.0259,7699.3216,6.3119,170.2337,452.8307,5.1854
5.0755,195.9836,18840.7634,6.2509,374.3954,517.1733,4.551
8.4944,409.6634,16432.4503,5.0401,338.5518,408.4107,5.1013
6.2594,111.0426,20905.1237,3.0853,380.3615,452.4659,3.6275
4.6651,317.1342,17095.0667,5.6637,344.0562,421.3099,3.2118
6.3578,279.7487,3940.3451,7.3868,444.7876,341.0446,2.706
9.2511,222.4509,16893.2245,4.3036,324.6979,239.5367,4.4307
8.2753,340.6896,17555.0471,7.0314,267.4818,454.4808,2.7522
6.477,229.7684,25069.2882,10.8005,307.4341,433.9158,6.2184
6.4761,231.1327,14414.4026,9.0461,379.4775,370.546,2.4308
6.5175,195.7503,33429.3974,10.2871,217.65,290.4662,4.3284
10.1151,297.8855,4706.8756,7.7823,227.8489,470.3792,5.8802
7.5729,287.7175,30489.34,9.335,255.2832,398.7264,4.7189
7.6451,149.9458,18205.4482,5.5521,111.6334,464.55,4.2108
8.5454,94.4602,26876.679,5.7113,291.0463,569.1239,2.8378
7.3582,183.7615,20638.4119,1.5217,129.1097,248.6855,2.3419
6.6114,135.9969,29116.4443,9.3723,284.2447,364.0319,4.9241
6.7055,194.918,16901.1043,10.0806,349.2232,403.25,5.8074
6.8926,298.9951,11211.0366,5.8936,241.8499,536.3861,3.4734
6.9442,163.4159,31364.0343,6.4921,414.1693,289.0878,2.6331
8.0914,196.5741,19092.1548,5.4923,163.1599,574.8689,1.0502
7.0779,204.6418,21772.4678,7.7653,375.3009,430.8685,2.8231
8.099,267.8745,29878.0153,9.2499,334.011,412.3199,3.8636
6.8789,50.0,11744.3581,3.5145,142.7173,404.1552,5.9189
7.118,151.464,24763.9272,7.8189,480.0,385.099,4.8078
4.0027,216.9027,15280.8419,6.4467,274.9004,503.8493,4.3661
8.3745,296.0063,18942.6452,7.2268,209.8013,334.5183,3.5199
7.5197,160.6478,20578.2317,7.918,167.433,447.6331,3.3002
8.497,50.0,7998.2251,6.6236,262.3986,389.2655,5.6868
4.0,249.5769,13769.3037,6.7928,269.8075,359.0293,4.2409
10.1326,149.171,30808.5831,6.5722,288.2116,626.878,1.4769
6.7906,104.8267,27089.5295,8.9406,256.1763,453.5241,3.1918
8.6623,150.0524,19498.8834,7.8375,330.658,469.0612,2.9701
5.4401,185.238,21944.9877,7.4412,248.9896,511.0221,3.3445
7.9192,151.6204,17646.06,4.4581,125.2029,306.292,4.6755
5.4199,50.0,30852.6671,6.2428,268.0511,560.1834,3.8711
6.0643,271.7653,18397.1794,8.7973,100.0,219.2834,3.9078
9.871,301.99,21854.7367,7.0754,308.3017,358.4987,5.5762
6.714,252.1218,29168.2412,8.3191,201.656,383.2775,3.1642
7.3261,108.9851,13781.0281,10.533,293.0688,466.5379,6.237
8.3051,183.8807,32470.3135,9.0772,385.126,437.4975,3.1944
7.7435,199.4783,7756.3087,7.1863,204.1001,406.6548,4.107
7.2256,247.9036,33037.137,5.978,364.9005,419.0402,3.6626
7.5474,253.4672,17018.5953,1.8929,245.3288,341.7582,4.1481
10.6051,141.2661,18058.41,6.6632,420.2556,300.2214,4.5335
6.9136,206.5596,4879.9186,6.348,250.7878,478.1209,4.5206
7.3016,236.5824,16361.6423,7.7807,212.7606,475.4965,3.0963
8.576,316.4658,11681.5478,6.6922,334.9791,546.7596,2.6525
8.6583,256.3605,15138.8292,6.3592,245.1368,356.7986,7.0038
8.7805,263.1245,18901.5123,3.4412,212.684,475.4252,3.4192
7.9581,206.7061,27662.3329,5.1201,241.7728,397.3035,4.8391
5.2855,312.8367,21660.8268,7.9533,276.4315,515.238,2.0708
9.4501,232.781,22461.4132,10.4318,387.3744,501.757,3.6645
5.2805,131.113,11235.8449,6.8049,125.273,436.8968,3.8474
7.454,312.2696,12953.9673,7.6556,281.8465,392.8376,4.5674
5.8686,255.8323,34389.8001,8.905,329.9923,496.8746,1.0
6.9038,164.5565,14118.3917,5.3782,295.4759,471.7524,4.1994
7.4931,161.6406,33249.666,7.7336,384.7892,365.2448,2.6203
7.482,223.726,18055.5104,5.519,274.0524,313.7761,4.3892
7.6329,237.0548,20018.3035,8.7296,265.2359,396.9174,2.7564
9.4206,215.7834,28562.9213,7.3028,327.3864,541.2331,2.9734
7.6803,224.9047,30175.1394,7.5969,287.9451,511.719,3.6716
6.6338,335.9966,19113.4995,5.4348,248.7673,331.0138,2.7372
8.4461,285.7235,16894.0556,8.4141,321.2915,326.5794,3.4294
8.7842,215.2508,19552.6364,11.1694,227.7977,521.9747,2.5679
5.1586,275.3048,22703.6602,4.9842,231.1058,329.1491,1.8002
7.8961,117.3981,27130.4295,6.3205,237.7605,460.7436,5.2215
8.0518,231.8342,20033.8389,7.4632,388.2455,370.7143,2.4447
6.5537,344.7445,24951.0904,8.5728,100.0,549.3636,3.7856
9.0636,182.5563,33106.8779,5.8809,311.6479,358.366,4.9035
6.7749,132.1893,23050.4769,1.3339,282.7417,511.4689,3.2621
7.1884,147.8329,22493.2228,9.7184,145.5304,434.7887,3.0098
6.7404,112.8294,7848.7134,8.521,304.7781,440.1756,4.2715
7.0234,137.219,500.0,3.5141,318.0602,262.3753,5.3415
5.3556,170.3594,23107.0058,5.7849,327.1711,243.7669,2.5968
4.8399,87.5546,19241.4061,10.1364,100.0,402.3547,3.8198
9.3918,201.2495,15881.7386,9.8956,389.3112,439.7525,1.921
5.7296,272.1822,21948.2416,8.8773,220.9811,329.9842,3.5282
5.5129,127.3795,19516.7702,6.6478,334.9254,332.9045,4.041
4.0,321.5427,29022.242,7.166,339.2859,464.9178,2.9745
6.0416,240.8634,20688.8869,6.7381,209.8642,465.0284,3.4516
5.0154,282.4464,14024.6137,9.2565,332.8368,408.9807,2.3101
9.463,147.3732,27921.3299,5.2483,249.1605,482.4161,4.0925
8.5147,268.362,18262.9514,5.3884,114.2898,326.0638,5.2668
5.9678,112.6453,24212.2935,9.0205,373.4194,391.5252,2.6834
10.3787,271.2198,16180.7144,6.9113,217.9964,551.8302,3.2528
8.4726,213.7471,14801.3849,9.7569,211.6405,425.4658,4.6031
6.5128,244.2601,20673.3458,5.657,247.7547,430.105,5.4545
4.0,105.9524,20102.6291,6.8904,301.7789,604.4757,2.2082
10.4364,128.3944,23838.6163,5.1552,275.4184,308.0526,3.7975
4.9156,247.7783,17850.834,7.0147,323.8454,483.7144,4.3398
4.5319,124.1322,5309.1217,4.0429,172.8409,553.1189,3.8775
8.5339,237.0565,16537.8089,6.0247,220.6091,394.0114,1.0278
10.6596,90.629,26350.5477,4.1275,270.7202,488.7705,4.6013
9.0764,267.8539,17620.9914,8.3878,431.831,341.4384,5.8232
7.8459,101.3981,18028.9328,8.4332,270.895,365.0614,4.14
7.8921,244.184,27891.012,3.5395,366.8178,450.7973,2.7627
8.2801,250.0505,14304.2142,9.6678,283.0844,483.8853,3.3842
8.1384,144.2583,7657.5743,11.9948,241.3073,509.6749,6.1239
7.4218,246.5621,18714.951,7.092,260.262,545.5703,5.092
7.1563,220.8354,16126.6084,5.7178,266.5264,414.6043,4.768
6.9061,156.8927,12270.0294,12.6487,328.2917,515.4889,4.4277
5.8691,119.3156,18596.9724,4.3621,389.9689,392.6156,3.2066
6.579,50.0,23932.0452,7.0402,308.7745,492.1673,3.7593
4.4606,227.972,19925.6915,7.3592,374.9662,436.5991,3.9065
6.8525,74.8158,22455.8486,9.6903,202.8168,455.6542,4.6595
5.5171,207.6275,34507.2616,7.7195,246.8296,453.8806,5.8107
5.3446,178.9241,17256.9691,6.0027,222.0558,291.6236,5.342
7.2698,254.3314,22226.7891,5.0976,305.1556,330.0703,2.2967
9.088,175.8364,15926.2931,6.3164,251.2833,428.2033,4.2688
8.3775,173.6442,13229.1222,4.9861,338.3818,285.0177,4.8841
4.6442,258.5497,15320.7388,7.0957,205.5199,486.4969,4.7426
5.5156,226.8046,16169.9314,5.8716,283.4425,489.7245,3.2449
8.4112,225.2925,22875.8064,4.0119,334.9486,446.1736,7.4969
5.5263,237.5414,38792.6063,9.5103,114.7758,330.3093,2.4675
6.6631,77.1542,14271.6525,6.0047,449.7305,530.4111,2.7002
7.8251,260.5431,16666.9976,4.4637,257.3478,582.9769,4.2803
5.5475,248.9975,19495.0159,6.6635,117.9968,431.7661,6.5402
7.1581,118.6653,23166.3908,7.1367,292.6475,460.8428,2.9966
4.999,180.4736,22108.4065,3.5071,282.6755,436.1391,3.681
6.0979,196.8554,30272.7664,7.6633,273.4484,462.4295,5.2928
7.4797,189.2403,588.8634,4.9057,359.2953,410.4353,3.9786
4.6105,226.7088,904.561,10.4221,339.7956,417.2349,3.5985
7.6607,314.5093,16032.9746,8.0479,303.8301,492.4574,4.6788
6.9705,286.5413,28778.4015,6.2002,316.0125,607.6499,4.327
7.8287,95.0225,7474.8157,5.5097,271.6513,307.9943,5.2365
7.3359,249.7656,500.0,6.7901,422.0393,411.695,5.5498
9.0462,306.3147,24569.4352,8.2256,161.6643,325.5632,4.3684
7.1878,230.9447,21949.2578,6.949,291.1721,547.362,4.3501
6.3559,287.2784,11278.3327,6.5657,285.202,372.981,4.2569
7.1834,360.9816,12115.6832,7.1167,345.0624,304.5439,4.587
7.8149,281.8968,12242.0502,5.7923,212.4917,471.055,4.0662
7.0733,219.9447,20884.2825,6.3136,140.5062,559.5449,3.9993
7.0609,283.6071,14989.4778,2.8284,292.5458,473.0878,5.436
5.947,211.591,23952.5114,8.9475,302.4984,436.3838,5.8193
6.0056,201.9122,500.0,7.5976,399.168,452.7313,2.1909
4.8961,171.8869,13145.1851,5.4531,178.371,533.1873,4.012
9.6244,325.0731,10991.5683,10.7975,372.3755,350.0641,3.1736
5.1342,134.5257,17949.2746,7.174,469.3931,411.0522,3.6268
5.9606,322.5894,15695.6179,4.9277,249.7788,383.7848,4.483
5.9224,239.9891,26382.7502,8.7135,176.7246,326.5708,4.8033
8.3424,88.0555,5125.3058,7.7961,247.4421,393.73,3.8654
6.5576,229.4119,20363.9318,7.7892,281.1204,508.6177,1.704
8.8716,50.0,24466.6914,6.1485,325.103,465.3282,2.8419
5.9898,250.0406,34853.1795,7.901,232.6884,471.5448,5.0758
7.4185,270.8185,16145.8722,6.4765,404.4159,431.718,1.0
5.747,152.6115,22595.6688,8.1119,190.8374,461.8659,5.4249
10.2177,209.8838,5569.0977,3.1901,140.8636,355.9528,4.6255
5.2186,356.3326,864.3504,6.1323,368.5368,395.2392,5.5794
7.4647,159.5403,26758.195,10.4443,100.0,435.3603,3.7617
7.9507,115.2874,19955.5177,5.4659,263.6696,442.2013,1.5263
7.6207,318.5331,29428.1015,5.7923,480.0,445.615,4.5164
6.7221,357.007,9012.7769,6.1041,279.0365,408.9332,5.5296
6.8053,200.2957,24159.2171,4.5704,190.3386,389.8061,5.1097
7.0657,280.917,34950.5427,2.5834,275.4082,672.6217,3.2048
6.7795,307.3181,23357.6449,6.5388,275.9359,492.543,4.1041
8.4458,140.6013,22212.652,7.2717,292.852,453.0518,3.3606
10.3158,161.1755,20068.4486,6.895,332.981,401.3433,3.0169
6.1638,298.47,7432.9483,6.7102,196.8711,383.9025,5.1465
4.9453,334.8011,30844.5835,7.0861,415.0038,409.536,2.563
6.8676,245.0305,15113.1389,9.0457,299.6091,443.4263,2.9274
10.8696,129.6149,24035.8661,6.6191,338.1435,269.5652,2.6752
5.7945,358.9649,7495.7255,5.8518,229.748,294.4488,2.2117
9.4587,157.5223,10564.3227,6.4377,382.9106,369.0494,4.1757
9.5166,173.189,31480.6992,8.1587,259.4358,436.5712,5.3938
6.1696,227.387,17221.5817,9.8241,302.2042,400.8581,3.7781
7.8535,324.3328,31626.2038,5.7437,205.3515,538.2497,2.1931
9.4426,268.3181,19374.1547,7.1979,200.2455,301.4083,5.0079
6.4313,233.1892,5264.8178,7.6767,335.0564,359.8924,6.0228
6.6946,237.0631,27136.5408,5.0148,244.5115,541.6073,3.2245
6.1275,203.4812,15280.8615,7.0408,211.6942,430.4895,3.4257
5.4779,244.6512,25589.5105,4.0687,228.5453,490.7874,4.6188
6.0261,50.0,20201.6869,3.4619,335.9162,584.0998,5.9462
5.1641,176.2714,7655.0542,7.7335,229.677,364.4956,3.3762
7.0511,219.3058,21314.3581,6.2323,270.5876,412.0549,2.4011
5.845,107.9189,37569.7851,7.4046,281.2022,398.2058,4.7577
7.3507,230.9059,23943.8917,6.9642,126.6121,263.6326,4.9589
4.6662,183.6423,19539.858,5.0472,162.3099,395.1683,4.0074
7.4963,340.4381,28602.7472,6.9095,306.9022,490.485,3.3302
8.2503,325.8416,21685.3477,4.5338,221.0377,463.2472,5.1933
4.0094,162.7356,21676.2738,9.7819,364.538,469.5267,4.6336
7.5611,187.933,11266.9986,4.2881,357.3446,389.9593,3.0779
8.8415,194.0842,21870.7842,6.6084,337.5335,367.5122,4.0589
5.1855,163.8672,28283.5473,4.9155,425.5817,521.5405,2.378
9.5089,215.602,13311.5028,8.1408,273.3529,380.2146,4.8231
7.6285,139.3374,31395.9666,6.3371,331.9106,443.5266,3.6853
5.9425,109.5508,19266.3518,5.9627,233.2479,433.0668,3.4771
6.9163,249.8169,12897.8439,8.7064,476.1896,536.9374,3.9606
7.8375,250.3624,27981.0566,7.0589,438.6907,497.713,4.0484
7.114,135.6547,17705.6461,8.0333,280.9504,316.3793,5.0739
7.8081,271.6284,26076.1191,5.0373,310.9269,324.9957,4.7093
5.619,149.4738,17665.9309,4.1904,388.7438,466.3128,3.8123
7.254,220.2532,19521.3909,7.2144,268.2288,414.853,4.9164
4.8794,265.6275,23948.4816,6.3623,227.4701,383.5863,4.4809
6.8332,197.311,22327.1765,8.2529,349.9192,501.2502,3.4881
5.6441,236.3793,4035.7458,6.8402,286.2751,434.9968,3.8503
5.8967,158.6856,11030.0501,7.4102,294.6396,424.1966,3.8221
8.8541,184.2827,27435.2799,3.7532,213.2583,482.3863,4.6063
8.637,183.5312,18942.9073,10.7769,142.5862,389.9913,3.5596
7.9137,140.2737,15810.1496,6.6715,298.8914,545.4815,3.5315
5.3615,185.8581,9131.4079,8.3952,352.397,356.9562,6.3625
6.5254,76.1105,11362.1094,5.3278,261.9355,472.5543,5.1277
8.8196,160.7077,3825.6109,7.616,394.9144,534.7066,3.0873
7.2126,177.21,19189.7543,4.3943,223.6867,309.8164,4.6851
10.479,179.5056,15212.4994,7.9041,195.6236,392.5332,4.142
7.59,180.6802,12267.2969,6.2881,274.6216,511.3766,4.4699
7.2881,195.0589,19455.0126,7.0584,273.3926,512.5796,4.1648
6.5363,238.3553,22911.765,8.3959,341.5975,406.2804,5.4276
7.2003,269.9614,36745.5835,4.5349,218.003,361.2263,4.4147
6.7713,148.0188,7904.9326,5.631,389.4475,496.4749,3.9255
8.0622,103.7439,29275.0483,7.9146,437.3534,514.6839,5.2506
8.4351,116.6364,27784.8125,11.1964,276.8685,326.8269,4.2799
5.821,161.0238,13767.2581,6.7238,379.9768,323.6869,4.1458
5.0032,171.8463,21625.8876,8.1823,195.4802,438.0205,4.3768
4.2457,138.4003,16338.934,6.7861,366.0177,470.3489,3.8877
7.762,96.3107,21485.5086,10.8845,363.7821,396.0745,4.0111
5.345,163.5103,32073.0481,3.5056,349.075,474.3435,3.296
4.0,214.5141,24844.8499,7.1892,278.755,363.1891,3.0986
7.5829,247.6024,24068.867,3.7489,100.0,250.8245,2.8017
10.7395,155.4062,16557.5254,1.9869,228.6618,386.0879,2.3296
6.9909,166.9602,8127.5467,7.5949,229.9267,425.0586,2.9443
8.2577,125.8641,18332.2543,7.279,201.7396,397.9328,3.7909
7.1227,197.4849,29652.8652,6.4303,289.7794,327.3117,4.1237
6.8517,132.1257,7782.6571,6.7876,246.4829,274.7481,3.6744
8.3786,245.8502,11559.2851,13.0,214.031,378.8729,1.1732
6.5646,57.1307,21010.1419,6.4836,195.296,491.8125,5.8895
7.4011,171.2296,12122.7617,8.0202,222.759,520.4958,5.3038
7.4825,224.0886,13659.8124,5.7013,369.7199,515.0171,4.5349
5.9979,214.7068,16611.2113,7.5905,227.118,354.7272,6.289
8.4881,415.4427,9075.0608,6.5235,238.8049,327.7035,2.8272
6.7376,227.984,12207.0252,6.179,243.4642,459.7308,6.2652
5.8664,119.6756,25627.4233,10.6378,307.1195,470.808,2.8417
7.8048,192.3629,9541.0417,9.3544,316.5,452.0136,4.2865
5.6523,57.9003,7217.0229,7.2735,100.0,258.8749,2.4714
7.0423,193.552,14959.8002,2.3916,361.7308,350.6492,4.0176
6.9863,133.3555,25855.644,6.278,394.9094,417.6249,4.4634
8.6288,273.2312,18424.6255,12.4061,195.9851,458.9775,3.8144
7.712,156.0368,16283.3514,6.5387,202.2161,481.3846,4.8567
6.9625,190.6587,20354.8704,9.2064,243.9797,431.5403,4.1188
8.2266,149.1554,6034.3405,9.8839,219.5197,446.4627,3.3731
9.0853,339.1081,23957.6452,7.4379,297.9141,426.7892,3.3198
7.8367,174.3006,23067.4803,5.3164,124.278,474.8495,4.9731
7.0155,346.6046,16725.5322,2.1294,190.5658,445.0293,3.2155
5.0322,265.1321,28047.3961,8.3683,403.1358,425.259,5.0985
5.4023,238.5653,10980.0312,5.3705,205.7424,398.5305,5.4673
6.5422,229.4987,29023.2719,7.3523,379.4743,426.5033,1.9975
6.0857,231.5038,21235.9493,4.5004,308.4271,458.7673,5.3595
6.7195,50.0,17307.5793,6.4695,135.2586,441.398,6.4725
7.085,177.6893,19841.0109,7.0674,330.8263,450.4661,4.3024
7.7945,267.6126,19141.8819,7.5372,270.5866,527.4177,4.7189
6.8943,196.0882,29762.2632,4.7704,243.5626,441.2131,5.2444
7.7298,87.5848,11386.567,9.3938,299.5966,368.0801,3.6694
7.0967,195.8076,13899.8461,5.8062,317.9707,490.6885,4.2187
4.0368,336.3284,28290.4231,3.6511,336.6073,310.7041,2.423
5.591,299.7513,15235.7205,6.782,374.2602,333.4869,4.1664
6.7839,195.0397,27204.2646,7.0688,312.6509,446.8678,4.5977
5.1855,276.1159,33595.4879,7.3212,169.9493,461.3117,4.6194
7.8999,170.6794,16785.6398,9.7243,242.1084,320.3959,5.2785
9.2961,63.6903,25450.8986,6.5271,480.0,389.3746,3.0702
8.8281,126.0427,10770.4617,6.7608,337.9593,371.5133,3.3609
6.6798,325.0311,26037.8664,4.7936,469.543,381.0659,6.2746
9.2361,178.0806,21595.3919,8.6411,391.6347,495.4878,3.8196
7.223,180.5293,23784.3063,7.3686,299.3442,476.5204,4.24
6.4944,176.0129,14835.4234,6.1599,304.1126,418.4702,3.9196
6.0799,352.3309,6711.3327,3.1907,277.0736,376.323,3.014
6.5463,330.0767,24026.0165,9.8888,140.9756,312.028,5.9482
6.4177,377.5024,3492.7748,4.5446,281.4438,533.6148,3.3668
7.2556,187.2764,17461.1961,5.8174,376.854,467.3691,2.6473
7.2409,223.65,27529.4549,7.7167,232.0288,363.4665,3.4591
7.0046,78.6686,21535.1819,4.6069,312.9562,477.568,1.598
7.6554,318.1548,35586.7412,4.013,348.1273,414.3821,3.2185
8.786,106.5776,28200.8732,2.7521,207.2256,397.0312,2.8382
8.4243,217.342,14768.8129,8.442,243.8958,454.8169,4.7409
4.7727,112.2158,20218.507,5.9096,198.5671,360.6801,3.1919
4.0,152.8907,19621.0344,12.8545,214.2268,392.4995,5.0654
8.4015,133.019,7342.5859,5.0113,176.9916,429.7169,5.6782
4.9497,151.37,12476.8087,5.1571,207.9641,380.0439,4.9374
6.6629,156.8702,15513.9127,5.8692,393.5565,473.5268,3.7415
5.2448,156.1385,3710.236,7.4863,206.7618,569.5253,4.1693
4.297,266.6667,20379.9477,6.0596,290.1167,359.6561,2.17
7.8122,111.611,18007.4252,8.2247,239.7705,286.79,3.8395
8.1387,217.6433,6616.8488,5.0428,374.3093,259.8608,2.9675
6.1352,297.4367,23233.7029,4.2368,384.893,407.9625,4.8332
4.0,158.9443,25726.982,3.4036,349.1256,366.9468,7.0873
6.1806,142.5665,21816.2758,2.5529,304.4908,436.6288,4.5998
7.5877,181.558,17407.4546,5.9639,261.5152,430.6078,1.6106
4.7816,294.378,24731.5372,6.398,184.65,291.7427,3.5665
7.275,215.5286,25441.7629,5.7371,435.4823,274.8093,4.147
6.977,157.5029,22459.2286,9.4868,219.2262,443.6747,4.1048
7.8689,238.7101,13403.102,9.4561,333.0917,430.8343,3.123
7.1794,111.8166,22212.8061,6.3304,364.7652,385.9346,4.2944
5.5404,254.5088,29563.8452,3.4122,235.5776,287.4285,2.509
8.7949,232.6886,15226.9675,5.8666,363.041,457.7113,2.8661
6.7622,175.3753,36783.5147,5.8004,341.1371,521.752,4.775
6.959,132.9131,15794.9525,5.6857,418.2371,442.2386,2.7812
5.6001,129.0655,20259.2561,5.6046,242.4523,352.2021,4.6459
6.3351,242.7854,14620.1152,5.6931,177.1309,423.5642,2.3566
5.6728,298.3184,21786.1667,6.2269,239.5608,310.7109,6.1178
6.7406,149.0154,6062.2265,5.7289,296.7083,504.6369,3.0709
9.5676,236.6709,15631.6656,7.4166,284.657,426.5475,3.7316
4.9421,50.0,11263.0304,7.7207,248.525,278.5474,4.3967
4.5797,153.2306,21082.7068,5.1787,127.2642,395.9461,3.3216
9.2068,197.5153,27955.579,9.5421,317.6386,457.0641,4.1721
6.686,127.2253,25168.0495,5.0399,437.7876,393.3562,4.6904
5.9964,125.0795,1026.7251,3.7644,317.1401,397.9283,5.1527
8.5599,146.5776,36336.5572,7.7616,328.7308,322.0478,4.9498
6.0916,223.3754,22362.2395,5.3652,325.7956,465.3233,3.7938
9.739,185.0137,13788.0069,7.6426,311.7637,368.1225,3.824
8.0169,50.0,21257.0234,2.1927,354.5333,247.4844,6.8189
6.2681,50.0,21409.5186,9.7849,311.6299,390.2994,5.1399
10.236,151.4508,14665.2103,8.3446,254.9858,498.492,2.8938
6.0914,236.6149,21583.3333,3.999,216.3209,389.0456,4.12
8.1131,50.0,15140.2217,4.0424,260.0821,559.0388,3.5978
7.4489,160.0216,16765.1041,10.3445,305.1304,454.3174,3.8376
8.9526,157.9002,14509.7669,5.5252,254.7134,447.1007,2.5246
9.3423,311.067,8538.6297,5.3316,305.1471,409.7281,3.5057
7.048,169.1983,21166.6918,2.4679,315.132,414.5371,6.1739
5.8699,230.6391,24682.3955,6.2984,346.6544,398.9261,4.6949
7.69,211.3006,24119.0688,6.5446,382.6236,395.8184,1.0106
5.9834,50.0,26559.402,8.431,286.2406,462.4694,5.4601
10.0201,261.4566,22594.7217,4.2018,175.3779,345.1335,5.3076
7.2048,217.2317,15738.196,3.9594,252.3917,333.9285,3.5689
6.452,240.6615,26717.3109,7.9019,283.525,330.1444,4.8607
7.277,450.0,9139.8597,9.0135,133.1385,583.6524,2.9687
4.9793,50.0,12794.6289,3.8577,391.0932,462.4274,3.4357
5.5426,337.9757,12286.3994,9.163,291.3902,444.3594,5.7983
8.8006,177.0042,28640.4485,7.0751,310.5082,335.3988,3.6739
6.0147,222.9863,27542.3081,9.1836,389.2421,469.8674,1.7563
5.4296,196.359,23898.4419,6.8596,229.5886,410.6743,3.924
7.805,166.0611,28575.4389,1.9554,325.9234,437.1335,3.9057
8.7786,154.4134,12965.7377,6.6961,271.2109,341.8704,5.438
8.0784,226.3607,22788.761,9.1203,265.2731,432.8215,4.0172
8.4941,78.6261,18998.6046,5.2125,218.2246,386.0933,3.4941
5.8648,260.0463,26775.0568,6.2241,413.2483,358.7511,5.2541
4.8673,166.7044,19078.2061,6.6477,249.96,478.7285,4.1449
9.252,109.5945,16920.4569,1.201,335.9571,296.9834,3.1
6.516,163.999,24327.2681,10.3427,129.9994,465.1821,5.386
6.6238,300.5719,27009.3533,5.1972,374.3991,474.7589,4.2324
8.9923,157.1732,14653.2384,8.0115,364.1769,349.6285,4.0035
7.8343,228.6763,19511.3946,6.8266,287.7947,354.3737,4.2135
7.6838,141.5235,11532.4749,9.5152,261.8446,402.1579,2.7152
10.2475,260.6337,500.0,7.8121,312.0,442.5629,3.3668
6.0347,254.8406,21603.6771,6.5302,463.1033,407.7716,4.0043
8.3918,347.8887,24871.2429,5.213,138.9411,454.685,3.7664
7.0855,185.9549,22096.5345,8.5957,342.5622,561.0384,5.5269
7.4029,253.4924,4403.5063,3.2531,207.0706,379.3827,4.2609
9.2927,207.8454,17193.2046,8.2918,278.4065,282.7856,5.0259
7.7618,303.6697,2253.2179,4.8019,260.1696,486.0739,4.0113
7.8074,142.4934,30957.6089,9.5046,245.7345,554.6652,5.2675
8.6088,259.6004,11311.5633,7.3226,279.1628,451.4215,4.477
6.4526,184.4242,30043.2289,8.2882,189.2663,332.9801,4.0161
5.7412,194.8649,27566.9571,7.164,362.3344,410.0886,3.9841
5.4328,207.3402,12795.2772,3.4952,136.4685,330.5181,2.8547
4.0505,220.1792,10937.7204,5.2785,323.1812,471.4284,4.6083
10.0843,190.7017,22802.9617,8.3448,253.8771,311.8968,3.9518
5.3452,217.1771,13245.4077,7.3333,186.326,395.9897,3.3976
6.6681,326.2494,20819.8771,9.362,296.1907,339.653,5.3278
6.5848,278.836,16137.3793,7.8065,155.4439,430.146,2.4997
7.4611,269.5324,5750.7327,5.0666,283.1771,390.6927,3.493
8.2236,163.5568,2156.2558,5.4079,166.1698,434.141,5.2333
8.2907,128.8607,21813.474,7.2058,316.9018,421.788,4.3786
6.1254,276.424,15507.538,2.3719,206.0514,341.0673,3.9426
6.7493,270.0837,15575.2815,10.3469,243.9205,470.1502,4.3012
7.4239,317.8137,25566.9107,7.8835,303.516,416.0987,4.2153
6.627,151.6815,29387.5382,9.4541,218.1966,340.9177,2.18
9.411,181.6361,17819.6422,3.8388,275.3629,599.2741,3.5809
7.7365,68.8413,17275.2103,9.4891,158.8936,458.1144,5.9398
8.1023,168.6023,24001.1443,11.463,330.47,407.7392,3.2088
7.9943,279.7256,9144.5154,4.3582,421.1931,533.2164,3.618
8.7602,162.6804,21785.2244,8.5428,480.0,567.3452,3.3501
7.2715,251.2384,24415.0878,7.0022,287.2935,408.372,3.8956
5.0548,184.7598,25441.8417,3.9111,343.0563,447.7918,3.3003
7.5995,225.9246,4505.9784,7.9858,137.5499,340.9598,4.5841
6.023,108.1847,13909.1578,8.6672,400.2187,408.2246,4.2368
6.2071,206.8168,12973.894,5.7977,342.0983,404.075,4.9283
7.8795,50.0,20799.0956,9.3318,241.2853,434.7862,2.7389
8.8574,185.0483,23845.9566,3.6665,378.9745,446.6208,3.5916
7.0319,69.5621,31973.6833,4.0105,259.6419,464.7863,3.7291
7.4632,296.4796,16040.2762,7.2732,243.358,439.0114,4.5468
9.5533,262.1926,16019.42,7.0508,318.0268,323.1406,3.0481
7.3611,237.3337,29197.3762,5.5669,194.9316,344.9226,5.0988
10.9025,321.6805,22372.6155,8.6192,361.73,376.2874,5.4237
7.8483,124.0867,30141.2121,8.0618,195.5208,397.4208,2.8134
4.3589,339.7891,22309.824,8.7163,195.9956,504.0619,3.411
8.13,274.5753,10743.0671,6.7537,207.2248,326.9649,3.3617
7.5717,181.0756,9334.9732,8.2052,340.76,391.4068,7.1589
8.9346,290.8496,7587.902,6.1087,230.658,496.2408,3.4841
8.0098,111.4965,25296.4147,11.1076,172.1603,396.0098,6.0132
6.7923,134.0389,29508.7746,5.3749,231.5456,456.8333,2.48
5.1636,151.3128,34794.8971,11.2106,277.4366,408.8366,2.8124
6.6865,157.6818,26744.8427,7.0698,185.5222,440.5427,3.1761
5.7242,115.4754,29302.7086,4.249,187.8655,401.7222,2.9852
6.1292,297.8466,15359.8693,9.7362,448.9037,473.3652,3.6785
7.8829,179.2916,10748.6735,7.2518,211.1548,296.3955,3.1495
9.5049,228.2004,26800.6347,8.7022,254.1566,390.935,3.0168
7.592,154.3719,23341.446,9.4477,250.621,443.7258,5.3902
5.2062,54.3517,20859.555,7.6759,246.2915,462.6956,5.4686
7.6669,221.6046,23098.9718,5.8155,329.7077,539.4362,5.1392
8.7949,50.0,22585.4839,8.9514,355.8514,388.718,4.6288
6.0853,194.5093,30270.5349,7.0015,255.5236,538.3585,4.1113
6.799,90.5348,30359.8847,8.3717,181.0817,367.2781,3.4036
7.022,358.9821,24353.7628,2.6925,381.9552,526.2917,2.8562
5.8227,272.909,26766.423,7.894,272.3727,485.3974,4.4356
7.9724,208.4603,24112.5004,5.7228,418.4257,346.9233,2.5916
6.8186,301.0965,16310.6421,10.3066,100.3531,444.5631,2.8073
7.6293,132.2947,26052.5174,8.2462,295.6323,415.9011,5.3835
5.6688,243.4784,8844.0394,7.4797,433.4885,470.0468,6.2808
6.3438,215.9848,28431.1324,7.9726,251.7389,402.1383,4.472
8.0836,221.1216,10443.8165,5.0031,261.9605,395.4203,5.3277
6.4408,301.7883,22286.4263,10.2465,303.6409,529.5276,3.705
9.5904,258.5994,13238.7683,10.9827,235.2963,412.1023,2.3948
6.4005,223.0979,24427.1119,7.7858,255.0342,486.1138,4.7346
7.337,67.609,19728.5982,10.1808,252.9748,401.9719,4.6831
8.3989,123.1963,7241.9523,5.8617,229.8063,553.3331,4.086
4.8725,190.1833,23365.597,5.4058,378.3085,365.7332,3.7091
4.3588,207.4698,15376.6338,7.0818,316.8862,370.8685,5.1547
4.7115,109.5837,27049.1738,7.8699,300.0503,541.9614,2.8171
8.8939,392.9341,20010.6055,6.212,344.6857,384.4043,3.0715
6.1722,321.3115,23163.3679,8.0755,258.8515,548.0859,2.7903
10.8373,248.1695,12339.4484,7.6128,218.0637,491.3472,4.102
6.1536,205.7629,15285.3421,5.0034,231.7901,407.628,2.6945
7.2768,183.0233,16330.8909,8.0376,280.1426,274.9365,3.1789
9.3132,123.8465,26853.6198,8.7271,195.2631,418.4545,3.1531
10.0091,206.1984,33419.0167,7.3429,239.9791,428.1304,3.6873
10.0923,220.6202,13558.626,9.3053,238.7107,513.3774,2.2152
8.8125,100.6592,28614.7852,4.5652,449.9645,547.0758,4.1046
8.5361,226.7341,2642.5807,7.9359,100.0,365.201,5.4968
7.8888,187.5793,10446.4848,4.6594,265.6304,484.0945,4.1626
